Messstelle:                ;Siebenbrunnenquelle
HZB-Nummer:                ;395533
HD-Nummer:                 ;
DBMS-Nummer:               ;7004516
Fremdnummer:               ;QU70330518
Gebirgsgruppe:             ;2332 Serleskamm
Grundwasserkörper:         ;Gruppe Zentralzone [DBJ]
Sachgebiet:                ;UWQ
Arbeitsgebiet:             ;QU
Dienststelle:              ;HD-Tirol
Messstellenbetreiber:      ;Hydrographischer Dienst
Höhenangaben [m ü.A.]:     ;gültig seit: ;14.11.2007
 Geländehöhe-Hauptquelle:  ;1500,00
 Pegelnullpunkt:           ;
Geographische Koordinaten (Referenzellipsoid: Bessel 1841):
 gültig seit:              ;Länge (Grad,Min,Sek):    ;Breite  (Grad,Min,Sek):
  14.11.2007               ;11 24 37                 ;47 07 34
Exportzeitreihe:           ;QUWLF,I,Mit,T,1,F,Z,0,,,
Exportqualität:            ;MAXQUAL (0)
Mit Textausgabe:
  Nur Texte die in der Textrelation enthalten sind
  Texte in der Textrelation 30TCODVW.dbf
  Text:  ;Klartext:
  Texte ohne '->' oder '<-' sind nur für diesen Zeitpunkt gültig
  Texte mit '->' kennzeichnen den Beginn eines Textintervalls
  Texte mit '<-' kennzeichnen das Ende eines Textintervalls
Exportzeitraum:            ;Datenbeginn; bis ;01.01.2021 00:00
Hinweis:                   ;Der Intervallwert gilt bis zum nächsten Zeitpunkt mit einem Wert oder Lücke
Werteformat:               ;1 Nachkommastelle
Einheit:                   ;µS/cm
Werte:
11.11.2015 00:00:00   ;   218,9 ;     
12.11.2015 00:00:00   ;   219,7 ;     
13.11.2015 00:00:00   ;   220,2 ;     
14.11.2015 00:00:00   ;   218,6 ;     
15.11.2015 00:00:00   ;   218,7 ;     
16.11.2015 00:00:00   ;   219,3 ;     
17.11.2015 00:00:00   ;   219,2 ;     
18.11.2015 00:00:00   ;   219,5 ;     
19.11.2015 00:00:00   ;   219,2 ;     
20.11.2015 00:00:00   ;   219,0 ;     
21.11.2015 00:00:00   ;   217,5 ;     
22.11.2015 00:00:00   ;   216,4 ;     
23.11.2015 00:00:00   ;   215,5 ;     
24.11.2015 00:00:00   ;   215,3 ;     
25.11.2015 00:00:00   ;   216,5 ;     
26.11.2015 00:00:00   ;   216,4 ;     
27.11.2015 00:00:00   ;   216,2 ;     
28.11.2015 00:00:00   ;   216,2 ;     
29.11.2015 00:00:00   ;   216,3 ;     
30.11.2015 00:00:00   ;   216,5 ;     
01.12.2015 00:00:00   ;   216,8 ;     
02.12.2015 00:00:00   ;   216,7 ;     
03.12.2015 00:00:00   ;   217,0 ;     
04.12.2015 00:00:00   ;   217,5 ;     
05.12.2015 00:00:00   ;   217,1 ;     
06.12.2015 00:00:00   ;   217,1 ;     
07.12.2015 00:00:00   ;   216,9 ;     
08.12.2015 00:00:00   ;   217,2 ;     
09.12.2015 00:00:00   ;   216,7 ;     
10.12.2015 00:00:00   ;   215,9 ;     
11.12.2015 00:00:00   ;   216,4 ;     
12.12.2015 00:00:00   ;   216,3 ;     
13.12.2015 00:00:00   ;   216,6 ;     
14.12.2015 00:00:00   ;   216,5 ;     
15.12.2015 00:00:00   ;   216,2 ;     
16.12.2015 00:00:00   ;   216,2 ;     
17.12.2015 00:00:00   ;   216,3 ;     
18.12.2015 00:00:00   ;   216,9 ;     
19.12.2015 00:00:00   ;   217,3 ;     
20.12.2015 00:00:00   ;   217,4 ;     
21.12.2015 00:00:00   ;   217,0 ;     
22.12.2015 00:00:00   ;   217,1 ;     
23.12.2015 00:00:00   ;   217,6 ;     
24.12.2015 00:00:00   ;   217,0 ;     
25.12.2015 00:00:00   ;   217,1 ;     
26.12.2015 00:00:00   ;   217,7 ;     
27.12.2015 00:00:00   ;   217,9 ;     
28.12.2015 00:00:00   ;   217,9 ;     
29.12.2015 00:00:00   ;   217,8 ;     
30.12.2015 00:00:00   ;   216,8 ;     
31.12.2015 00:00:00   ;   216,6 ;     
01.01.2016 00:00:00   ;   216,3 ;     
02.01.2016 00:00:00   ;   216,2 ;     
03.01.2016 00:00:00   ;   215,9 ;     
04.01.2016 00:00:00   ;   215,8 ;     
05.01.2016 00:00:00   ;   215,8 ;     
06.01.2016 00:00:00   ;   215,8 ;     
07.01.2016 00:00:00   ;   215,8 ;     
08.01.2016 00:00:00   ;   215,9 ;     
09.01.2016 00:00:00   ;   216,1 ;     
10.01.2016 00:00:00   ;   216,2 ;     
11.01.2016 00:00:00   ;   215,9 ;     
12.01.2016 00:00:00   ;   214,9 ;     
13.01.2016 00:00:00   ;   214,9 ;     
14.01.2016 00:00:00   ;   215,0 ;     
15.01.2016 00:00:00   ;   215,0 ;     
16.01.2016 00:00:00   ;   215,1 ;     
17.01.2016 00:00:00   ;   215,0 ;     
18.01.2016 00:00:00   ;   215,1 ;     
19.01.2016 00:00:00   ;   215,2 ;     
20.01.2016 00:00:00   ;   215,2 ;     
21.01.2016 00:00:00   ;   215,2 ;     
22.01.2016 00:00:00   ;   215,3 ;     
23.01.2016 00:00:00   ;   215,4 ;     
24.01.2016 00:00:00   ;   215,5 ;     
25.01.2016 00:00:00   ;   215,7 ;     
26.01.2016 00:00:00   ;   215,9 ;     
27.01.2016 00:00:00   ;   215,9 ;     
28.01.2016 00:00:00   ;   215,8 ;     
29.01.2016 00:00:00   ;   215,7 ;     
30.01.2016 00:00:00   ;   215,4 ;     
31.01.2016 00:00:00   ;   214,9 ;     
01.02.2016 00:00:00   ;   215,1 ;     
02.02.2016 00:00:00   ;   215,6 ;     
03.02.2016 00:00:00   ;   215,1 ;     
04.02.2016 00:00:00   ;   214,7 ;     
05.02.2016 00:00:00   ;   214,7 ;     
06.02.2016 00:00:00   ;   214,9 ;     
07.02.2016 00:00:00   ;   214,7 ;     
08.02.2016 00:00:00   ;   214,9 ;     
09.02.2016 00:00:00   ;   214,9 ;     
10.02.2016 00:00:00   ;   214,5 ;     
11.02.2016 00:00:00   ;   214,6 ;     
12.02.2016 00:00:00   ;   214,4 ;     
13.02.2016 00:00:00   ;   214,5 ;     
14.02.2016 00:00:00   ;   214,5 ;     
15.02.2016 00:00:00   ;   214,4 ;     
16.02.2016 00:00:00   ;   214,4 ;     
17.02.2016 00:00:00   ;   214,5 ;     
18.02.2016 00:00:00   ;   214,5 ;     
19.02.2016 00:00:00   ;   214,5 ;     
20.02.2016 00:00:00   ;   214,3 ;     
21.02.2016 00:00:00   ;   214,5 ;     
22.02.2016 00:00:00   ;   215,0 ;     
23.02.2016 00:00:00   ;   215,1 ;     
24.02.2016 00:00:00   ;   214,8 ;     
25.02.2016 00:00:00   ;   214,6 ;     
26.02.2016 00:00:00   ;   214,6 ;     
27.02.2016 00:00:00   ;   214,6 ;     
28.02.2016 00:00:00   ;   214,8 ;     
29.02.2016 00:00:00   ;   214,7 ;     
01.03.2016 00:00:00   ;   214,9 ;     
02.03.2016 00:00:00   ;   215,5 ;     
03.03.2016 00:00:00   ;   215,3 ;     
04.03.2016 00:00:00   ;   215,3 ;     
05.03.2016 00:00:00   ;   215,4 ;     
06.03.2016 00:00:00   ;   215,3 ;     
07.03.2016 00:00:00   ;   215,3 ;     
08.03.2016 00:00:00   ;   215,3 ;     
09.03.2016 00:00:00   ;   215,3 ;     
10.03.2016 00:00:00   ;   215,3 ;     
11.03.2016 00:00:00   ;   215,3 ;     
12.03.2016 00:00:00   ;   215,2 ;     
13.03.2016 00:00:00   ;   215,1 ;     
14.03.2016 00:00:00   ;   215,1 ;     
15.03.2016 00:00:00   ;   215,0 ;     
16.03.2016 00:00:00   ;   214,9 ;     
17.03.2016 00:00:00   ;   215,1 ;     
18.03.2016 00:00:00   ;   215,1 ;     
19.03.2016 00:00:00   ;   215,0 ;     
20.03.2016 00:00:00   ;   215,0 ;     
21.03.2016 00:00:00   ;   214,9 ;     
22.03.2016 00:00:00   ;   214,7 ;     
23.03.2016 00:00:00   ;   214,5 ;     
24.03.2016 00:00:00   ;   214,5 ;     
25.03.2016 00:00:00   ;   214,4 ;     
26.03.2016 00:00:00   ;   214,4 ;     
27.03.2016 00:00:00   ;   214,5 ;     
28.03.2016 00:00:00   ;   214,4 ;     
29.03.2016 00:00:00   ;Lücke    ;     
30.03.2016 00:00:00   ;Lücke    ;     
31.03.2016 00:00:00   ;Lücke    ;     
01.04.2016 00:00:00   ;Lücke    ;     
02.04.2016 00:00:00   ;Lücke    ;     
03.04.2016 00:00:00   ;Lücke    ;     
04.04.2016 00:00:00   ;Lücke    ;     
05.04.2016 00:00:00   ;Lücke    ;     
06.04.2016 00:00:00   ;Lücke    ;     
07.04.2016 00:00:00   ;Lücke    ;     
08.04.2016 00:00:00   ;Lücke    ;     
09.04.2016 00:00:00   ;Lücke    ;     
10.04.2016 00:00:00   ;Lücke    ;     
11.04.2016 00:00:00   ;Lücke    ;     
12.04.2016 00:00:00   ;Lücke    ;     
13.04.2016 00:00:00   ;Lücke    ;     
14.04.2016 00:00:00   ;Lücke    ;     
15.04.2016 00:00:00   ;Lücke    ;     
16.04.2016 00:00:00   ;Lücke    ;     
17.04.2016 00:00:00   ;Lücke    ;     
18.04.2016 00:00:00   ;Lücke    ;     
19.04.2016 00:00:00   ;Lücke    ;     
20.04.2016 00:00:00   ;Lücke    ;     
21.04.2016 00:00:00   ;Lücke    ;     
22.04.2016 00:00:00   ;Lücke    ;     
23.04.2016 00:00:00   ;Lücke    ;     
24.04.2016 00:00:00   ;Lücke    ;     
25.04.2016 00:00:00   ;Lücke    ;     
26.04.2016 00:00:00   ;Lücke    ;     
27.04.2016 00:00:00   ;Lücke    ;     
28.04.2016 00:00:00   ;Lücke    ;     
29.04.2016 00:00:00   ;Lücke    ;     
30.04.2016 00:00:00   ;Lücke    ;     
01.05.2016 00:00:00   ;Lücke    ;     
02.05.2016 00:00:00   ;Lücke    ;     
03.05.2016 00:00:00   ;Lücke    ;     
04.05.2016 00:00:00   ;Lücke    ;     
05.05.2016 00:00:00   ;Lücke    ;     
06.05.2016 00:00:00   ;Lücke    ;     
07.05.2016 00:00:00   ;Lücke    ;     
08.05.2016 00:00:00   ;Lücke    ;     
09.05.2016 00:00:00   ;Lücke    ;     
10.05.2016 00:00:00   ;Lücke    ;     
11.05.2016 00:00:00   ;Lücke    ;     
12.05.2016 00:00:00   ;Lücke    ;     
13.05.2016 00:00:00   ;Lücke    ;     
14.05.2016 00:00:00   ;Lücke    ;     
15.05.2016 00:00:00   ;Lücke    ;     
16.05.2016 00:00:00   ;Lücke    ;     
17.05.2016 00:00:00   ;Lücke    ;     
18.05.2016 00:00:00   ;Lücke    ;     
19.05.2016 00:00:00   ;Lücke    ;     
20.05.2016 00:00:00   ;Lücke    ;     
21.05.2016 00:00:00   ;Lücke    ;     
22.05.2016 00:00:00   ;Lücke    ;     
23.05.2016 00:00:00   ;Lücke    ;     
24.05.2016 00:00:00   ;Lücke    ;     
25.05.2016 00:00:00   ;Lücke    ;     
26.05.2016 00:00:00   ;Lücke    ;     
27.05.2016 00:00:00   ;Lücke    ;     
28.05.2016 00:00:00   ;Lücke    ;     
29.05.2016 00:00:00   ;Lücke    ;     
30.05.2016 00:00:00   ;Lücke    ;     
31.05.2016 00:00:00   ;Lücke    ;     
01.06.2016 00:00:00   ;Lücke    ;     
02.06.2016 00:00:00   ;Lücke    ;     
03.06.2016 00:00:00   ;Lücke    ;     
04.06.2016 00:00:00   ;Lücke    ;     
05.06.2016 00:00:00   ;Lücke    ;     
06.06.2016 00:00:00   ;Lücke    ;     
07.06.2016 00:00:00   ;Lücke    ;     
08.06.2016 00:00:00   ;Lücke    ;     
09.06.2016 00:00:00   ;Lücke    ;     
10.06.2016 00:00:00   ;Lücke    ;     
11.06.2016 00:00:00   ;Lücke    ;     
12.06.2016 00:00:00   ;Lücke    ;     
13.06.2016 00:00:00   ;Lücke    ;     
14.06.2016 00:00:00   ;Lücke    ;     
15.06.2016 00:00:00   ;Lücke    ;     
16.06.2016 00:00:00   ;Lücke    ;     
17.06.2016 00:00:00   ;Lücke    ;     
18.06.2016 00:00:00   ;Lücke    ;     
19.06.2016 00:00:00   ;Lücke    ;     
20.06.2016 00:00:00   ;Lücke    ;     
21.06.2016 00:00:00   ;Lücke    ;     
22.06.2016 00:00:00   ;Lücke    ;     
23.06.2016 00:00:00   ;Lücke    ;     
24.06.2016 00:00:00   ;Lücke    ;     
25.06.2016 00:00:00   ;Lücke    ;     
26.06.2016 00:00:00   ;Lücke    ;     
27.06.2016 00:00:00   ;Lücke    ;     
28.06.2016 00:00:00   ;Lücke    ;     
29.06.2016 00:00:00   ;Lücke    ;     
30.06.2016 00:00:00   ;Lücke    ;     
01.07.2016 00:00:00   ;Lücke    ;     
02.07.2016 00:00:00   ;Lücke    ;     
03.07.2016 00:00:00   ;Lücke    ;     
04.07.2016 00:00:00   ;Lücke    ;     
05.07.2016 00:00:00   ;Lücke    ;     
06.07.2016 00:00:00   ;Lücke    ;     
07.07.2016 00:00:00   ;Lücke    ;     
08.07.2016 00:00:00   ;Lücke    ;     
09.07.2016 00:00:00   ;Lücke    ;     
10.07.2016 00:00:00   ;Lücke    ;     
11.07.2016 00:00:00   ;Lücke    ;     
12.07.2016 00:00:00   ;Lücke    ;     
13.07.2016 00:00:00   ;Lücke    ;     
14.07.2016 00:00:00   ;Lücke    ;     
15.07.2016 00:00:00   ;Lücke    ;     
16.07.2016 00:00:00   ;Lücke    ;     
17.07.2016 00:00:00   ;Lücke    ;     
18.07.2016 00:00:00   ;Lücke    ;     
19.07.2016 00:00:00   ;Lücke    ;     
20.07.2016 00:00:00   ;Lücke    ;     
21.07.2016 00:00:00   ;Lücke    ;     
22.07.2016 00:00:00   ;Lücke    ;     
23.07.2016 00:00:00   ;Lücke    ;     
24.07.2016 00:00:00   ;Lücke    ;     
25.07.2016 00:00:00   ;Lücke    ;     
26.07.2016 00:00:00   ;Lücke    ;     
27.07.2016 00:00:00   ;Lücke    ;     
28.07.2016 00:00:00   ;Lücke    ;     
29.07.2016 00:00:00   ;Lücke    ;     
30.07.2016 00:00:00   ;Lücke    ;     
31.07.2016 00:00:00   ;Lücke    ;     
01.08.2016 00:00:00   ;Lücke    ;     
02.08.2016 00:00:00   ;Lücke    ;     
03.08.2016 00:00:00   ;Lücke    ;     
04.08.2016 00:00:00   ;Lücke    ;     
05.08.2016 00:00:00   ;Lücke    ;     
06.08.2016 00:00:00   ;Lücke    ;     
07.08.2016 00:00:00   ;Lücke    ;     
08.08.2016 00:00:00   ;Lücke    ;     
09.08.2016 00:00:00   ;Lücke    ;     
10.08.2016 00:00:00   ;Lücke    ;     
11.08.2016 00:00:00   ;Lücke    ;     
12.08.2016 00:00:00   ;Lücke    ;     
13.08.2016 00:00:00   ;Lücke    ;     
14.08.2016 00:00:00   ;Lücke    ;     
15.08.2016 00:00:00   ;Lücke    ;     
16.08.2016 00:00:00   ;Lücke    ;     
17.08.2016 00:00:00   ;Lücke    ;     
18.08.2016 00:00:00   ;Lücke    ;     
19.08.2016 00:00:00   ;Lücke    ;     
20.08.2016 00:00:00   ;Lücke    ;     
21.08.2016 00:00:00   ;Lücke    ;     
22.08.2016 00:00:00   ;Lücke    ;     
23.08.2016 00:00:00   ;Lücke    ;     
24.08.2016 00:00:00   ;Lücke    ;     
25.08.2016 00:00:00   ;Lücke    ;     
26.08.2016 00:00:00   ;Lücke    ;     
27.08.2016 00:00:00   ;Lücke    ;     
28.08.2016 00:00:00   ;Lücke    ;     
29.08.2016 00:00:00   ;Lücke    ;     
30.08.2016 00:00:00   ;Lücke    ;     
31.08.2016 00:00:00   ;   226,7 ;     
01.09.2016 00:00:00   ;   226,0 ;     
02.09.2016 00:00:00   ;   225,6 ;     
03.09.2016 00:00:00   ;   225,5 ;     
04.09.2016 00:00:00   ;   225,3 ;     
05.09.2016 00:00:00   ;   224,4 ;     
06.09.2016 00:00:00   ;   223,3 ;     
07.09.2016 00:00:00   ;   223,5 ;     
08.09.2016 00:00:00   ;   224,0 ;     
09.09.2016 00:00:00   ;   224,1 ;     
10.09.2016 00:00:00   ;   224,1 ;     
11.09.2016 00:00:00   ;   223,8 ;     
12.09.2016 00:00:00   ;   223,9 ;     
13.09.2016 00:00:00   ;   224,1 ;     
14.09.2016 00:00:00   ;   224,0 ;     
15.09.2016 00:00:00   ;   224,3 ;     
16.09.2016 00:00:00   ;   223,9 ;     
17.09.2016 00:00:00   ;   222,4 ;     
18.09.2016 00:00:00   ;   222,2 ;     
19.09.2016 00:00:00   ;   222,0 ;     
20.09.2016 00:00:00   ;   221,2 ;     
21.09.2016 00:00:00   ;   220,8 ;     
22.09.2016 00:00:00   ;   220,9 ;     
23.09.2016 00:00:00   ;   221,4 ;     
24.09.2016 00:00:00   ;   221,4 ;     
25.09.2016 00:00:00   ;   221,8 ;     
26.09.2016 00:00:00   ;   221,8 ;     
27.09.2016 00:00:00   ;   221,5 ;     
28.09.2016 00:00:00   ;   221,7 ;     
29.09.2016 00:00:00   ;   222,2 ;     
30.09.2016 00:00:00   ;   222,4 ;     
01.10.2016 00:00:00   ;   222,3 ;     
02.10.2016 00:00:00   ;   221,4 ;     
03.10.2016 00:00:00   ;   220,0 ;     
04.10.2016 00:00:00   ;   219,1 ;     
05.10.2016 00:00:00   ;   218,3 ;     
06.10.2016 00:00:00   ;   217,5 ;     
07.10.2016 00:00:00   ;   217,2 ;     
08.10.2016 00:00:00   ;   217,1 ;     
09.10.2016 00:00:00   ;   216,7 ;     
10.10.2016 00:00:00   ;   216,5 ;     
11.10.2016 00:00:00   ;   216,1 ;     
12.10.2016 00:00:00   ;   215,9 ;     
13.10.2016 00:00:00   ;   216,1 ;     
14.10.2016 00:00:00   ;   218,0 ;     
15.10.2016 00:00:00   ;   218,7 ;     
16.10.2016 00:00:00   ;   219,0 ;     
17.10.2016 00:00:00   ;   219,3 ;     
18.10.2016 00:00:00   ;   219,0 ;     
19.10.2016 00:00:00   ;   218,4 ;     
20.10.2016 00:00:00   ;   217,4 ;     
21.10.2016 00:00:00   ;   216,4 ;     
22.10.2016 00:00:00   ;   216,0 ;     
23.10.2016 00:00:00   ;   215,9 ;     
24.10.2016 00:00:00   ;   217,1 ;     
25.10.2016 00:00:00   ;   218,7 ;     
26.10.2016 00:00:00   ;   218,3 ;     
27.10.2016 00:00:00   ;   217,7 ;     
28.10.2016 00:00:00   ;   217,5 ;     
29.10.2016 00:00:00   ;   218,2 ;     
30.10.2016 00:00:00   ;   217,8 ;     
31.10.2016 00:00:00   ;   218,0 ;     
01.11.2016 00:00:00   ;   218,8 ;     
02.11.2016 00:00:00   ;   218,7 ;     
03.11.2016 00:00:00   ;   216,8 ;     
04.11.2016 00:00:00   ;   216,1 ;     
05.11.2016 00:00:00   ;   217,0 ;     
06.11.2016 00:00:00   ;   216,9 ;     
07.11.2016 00:00:00   ;   215,2 ;     
08.11.2016 00:00:00   ;   214,5 ;     
09.11.2016 00:00:00   ;   214,3 ;     
10.11.2016 00:00:00   ;   214,4 ;     
11.11.2016 00:00:00   ;   214,4 ;     
12.11.2016 00:00:00   ;   214,3 ;     
13.11.2016 00:00:00   ;   214,3 ;     
14.11.2016 00:00:00   ;   214,4 ;     
15.11.2016 00:00:00   ;   214,7 ;     
16.11.2016 00:00:00   ;   215,4 ;     
17.11.2016 00:00:00   ;   216,1 ;     
18.11.2016 00:00:00   ;   215,6 ;     
19.11.2016 00:00:00   ;   215,5 ;     
20.11.2016 00:00:00   ;   215,5 ;     
21.11.2016 00:00:00   ;   216,8 ;     
22.11.2016 00:00:00   ;   218,0 ;     
23.11.2016 00:00:00   ;   218,3 ;     
24.11.2016 00:00:00   ;   219,1 ;     
25.11.2016 00:00:00   ;   219,7 ;     
26.11.2016 00:00:00   ;   219,5 ;     
27.11.2016 00:00:00   ;   218,5 ;     
28.11.2016 00:00:00   ;   216,9 ;     
29.11.2016 00:00:00   ;   216,5 ;     
30.11.2016 00:00:00   ;   217,0 ;     
01.12.2016 00:00:00   ;   217,3 ;     
02.12.2016 00:00:00   ;   217,2 ;     
03.12.2016 00:00:00   ;   216,8 ;     
04.12.2016 00:00:00   ;   216,9 ;     
05.12.2016 00:00:00   ;   217,0 ;     
06.12.2016 00:00:00   ;   217,0 ;     
07.12.2016 00:00:00   ;   217,3 ;     
08.12.2016 00:00:00   ;   218,5 ;     
09.12.2016 00:00:00   ;   219,3 ;     
10.12.2016 00:00:00   ;   219,8 ;     
11.12.2016 00:00:00   ;   219,6 ;     
12.12.2016 00:00:00   ;   217,7 ;     
13.12.2016 00:00:00   ;   217,3 ;     
14.12.2016 00:00:00   ;   217,5 ;     
15.12.2016 00:00:00   ;   217,4 ;     
16.12.2016 00:00:00   ;   217,4 ;     
17.12.2016 00:00:00   ;   217,6 ;     
18.12.2016 00:00:00   ;   217,3 ;     
19.12.2016 00:00:00   ;   216,9 ;     
20.12.2016 00:00:00   ;   217,5 ;     
21.12.2016 00:00:00   ;   218,3 ;     
22.12.2016 00:00:00   ;   218,7 ;     
23.12.2016 00:00:00   ;   218,3 ;     
24.12.2016 00:00:00   ;   218,4 ;     
25.12.2016 00:00:00   ;   217,6 ;     
26.12.2016 00:00:00   ;   218,8 ;     
27.12.2016 00:00:00   ;   217,2 ;     
28.12.2016 00:00:00   ;   216,5 ;     
29.12.2016 00:00:00   ;   216,5 ;     
30.12.2016 00:00:00   ;   216,9 ;     
31.12.2016 00:00:00   ;   217,1 ;     
01.01.2017 00:00:00   ;   217,2 ;     
02.01.2017 00:00:00   ;   217,1 ;     
03.01.2017 00:00:00   ;   216,8 ;     
04.01.2017 00:00:00   ;   216,5 ;     
05.01.2017 00:00:00   ;   216,3 ;     
06.01.2017 00:00:00   ;   216,3 ;     
07.01.2017 00:00:00   ;   216,5 ;     
08.01.2017 00:00:00   ;   216,7 ;     
09.01.2017 00:00:00   ;   216,7 ;     
10.01.2017 00:00:00   ;   216,8 ;     
11.01.2017 00:00:00   ;   216,8 ;     
12.01.2017 00:00:00   ;   217,0 ;     
13.01.2017 00:00:00   ;   216,9 ;     
14.01.2017 00:00:00   ;   216,8 ;     
15.01.2017 00:00:00   ;   216,9 ;     
16.01.2017 00:00:00   ;   216,9 ;     
17.01.2017 00:00:00   ;   217,0 ;     
18.01.2017 00:00:00   ;   217,1 ;     
19.01.2017 00:00:00   ;   217,3 ;     
20.01.2017 00:00:00   ;   217,4 ;     
21.01.2017 00:00:00   ;   217,5 ;     
22.01.2017 00:00:00   ;   217,5 ;     
23.01.2017 00:00:00   ;   217,6 ;     
24.01.2017 00:00:00   ;   217,5 ;     
25.01.2017 00:00:00   ;   217,6 ;     
26.01.2017 00:00:00   ;   217,7 ;     
27.01.2017 00:00:00   ;   217,8 ;     
28.01.2017 00:00:00   ;   217,8 ;     
29.01.2017 00:00:00   ;   217,8 ;     
30.01.2017 00:00:00   ;   217,9 ;     
31.01.2017 00:00:00   ;   217,9 ;     
01.02.2017 00:00:00   ;   218,0 ;     
02.02.2017 00:00:00   ;   218,0 ;     
03.02.2017 00:00:00   ;   218,0 ;     
04.02.2017 00:00:00   ;   217,8 ;     
05.02.2017 00:00:00   ;   217,7 ;     
06.02.2017 00:00:00   ;   217,6 ;     
07.02.2017 00:00:00   ;   217,7 ;     
08.02.2017 00:00:00   ;   217,7 ;     
09.02.2017 00:00:00   ;   217,7 ;     
10.02.2017 00:00:00   ;   217,7 ;     
11.02.2017 00:00:00   ;   217,8 ;     
12.02.2017 00:00:00   ;   217,8 ;     
13.02.2017 00:00:00   ;   218,0 ;     
14.02.2017 00:00:00   ;   218,0 ;     
15.02.2017 00:00:00   ;   218,2 ;     
16.02.2017 00:00:00   ;   218,1 ;     
17.02.2017 00:00:00   ;   217,9 ;     
18.02.2017 00:00:00   ;   217,7 ;     
19.02.2017 00:00:00   ;   217,8 ;     
20.02.2017 00:00:00   ;   217,9 ;     
21.02.2017 00:00:00   ;   218,1 ;     
22.02.2017 00:00:00   ;   218,3 ;     
23.02.2017 00:00:00   ;   218,5 ;     
24.02.2017 00:00:00   ;   217,9 ;     
25.02.2017 00:00:00   ;   217,7 ;     
26.02.2017 00:00:00   ;   218,1 ;     
27.02.2017 00:00:00   ;   218,2 ;     
28.02.2017 00:00:00   ;   217,9 ;     
01.03.2017 00:00:00   ;   217,8 ;     
02.03.2017 00:00:00   ;   217,9 ;     
03.03.2017 00:00:00   ;   217,9 ;     
04.03.2017 00:00:00   ;   217,8 ;     
05.03.2017 00:00:00   ;   217,8 ;     
06.03.2017 00:00:00   ;   217,9 ;     
07.03.2017 00:00:00   ;   217,8 ;     
08.03.2017 00:00:00   ;   217,9 ;     
09.03.2017 00:00:00   ;   218,0 ;     
10.03.2017 00:00:00   ;   217,9 ;     
11.03.2017 00:00:00   ;   218,1 ;     
12.03.2017 00:00:00   ;   218,3 ;     
13.03.2017 00:00:00   ;   218,2 ;     
14.03.2017 00:00:00   ;   218,4 ;     
15.03.2017 00:00:00   ;   218,5 ;     
16.03.2017 00:00:00   ;   218,9 ;     
17.03.2017 00:00:00   ;   219,5 ;     
18.03.2017 00:00:00   ;   220,5 ;     
19.03.2017 00:00:00   ;   225,3 ;     
20.03.2017 00:00:00   ;   225,7 ;     
21.03.2017 00:00:00   ;   225,3 ;     
22.03.2017 00:00:00   ;   226,5 ;     
23.03.2017 00:00:00   ;   229,4 ;     
24.03.2017 00:00:00   ;   230,3 ;     
25.03.2017 00:00:00   ;   230,9 ;     
26.03.2017 00:00:00   ;   231,9 ;     
27.03.2017 00:00:00   ;   232,2 ;     
28.03.2017 00:00:00   ;   232,6 ;     
29.03.2017 00:00:00   ;   232,6 ;     
30.03.2017 00:00:00   ;   231,7 ;     
31.03.2017 00:00:00   ;   230,6 ;     
01.04.2017 00:00:00   ;   229,8 ;     
02.04.2017 00:00:00   ;   228,8 ;     
03.04.2017 00:00:00   ;   228,0 ;     
04.04.2017 00:00:00   ;   227,2 ;     
05.04.2017 00:00:00   ;   226,5 ;     
06.04.2017 00:00:00   ;   226,0 ;     
07.04.2017 00:00:00   ;   225,6 ;     
08.04.2017 00:00:00   ;   225,9 ;     
09.04.2017 00:00:00   ;   226,4 ;     
10.04.2017 00:00:00   ;   226,6 ;     
11.04.2017 00:00:00   ;   226,2 ;     
12.04.2017 00:00:00   ;   226,0 ;     
13.04.2017 00:00:00   ;   226,5 ;     
14.04.2017 00:00:00   ;   226,1 ;     
15.04.2017 00:00:00   ;   226,2 ;     
16.04.2017 00:00:00   ;   225,6 ;     
17.04.2017 00:00:00   ;   225,2 ;     
18.04.2017 00:00:00   ;   225,0 ;     
19.04.2017 00:00:00   ;   224,9 ;     
20.04.2017 00:00:00   ;   224,9 ;     
21.04.2017 00:00:00   ;   225,1 ;     
22.04.2017 00:00:00   ;   225,5 ;     
23.04.2017 00:00:00   ;   225,4 ;     
24.04.2017 00:00:00   ;   225,8 ;     
25.04.2017 00:00:00   ;   226,3 ;     
26.04.2017 00:00:00   ;   226,6 ;     
27.04.2017 00:00:00   ;   226,3 ;     
28.04.2017 00:00:00   ;   226,7 ;     
29.04.2017 00:00:00   ;   227,2 ;     
30.04.2017 00:00:00   ;   227,7 ;     
01.05.2017 00:00:00   ;   228,0 ;     
02.05.2017 00:00:00   ;   228,6 ;     
03.05.2017 00:00:00   ;   229,9 ;     
04.05.2017 00:00:00   ;   231,1 ;     
05.05.2017 00:00:00   ;   231,9 ;     
06.05.2017 00:00:00   ;   232,9 ;     
07.05.2017 00:00:00   ;   233,8 ;     
08.05.2017 00:00:00   ;   234,8 ;     
09.05.2017 00:00:00   ;   235,0 ;     
10.05.2017 00:00:00   ;   235,2 ;     
11.05.2017 00:00:00   ;   235,2 ;     
12.05.2017 00:00:00   ;   235,2 ;     
13.05.2017 00:00:00   ;   234,9 ;     
14.05.2017 00:00:00   ;   234,7 ;     
15.05.2017 00:00:00   ;   235,1 ;     
16.05.2017 00:00:00   ;   235,8 ;     
17.05.2017 00:00:00   ;   236,6 ;     
18.05.2017 00:00:00   ;   237,5 ;     
19.05.2017 00:00:00   ;   238,5 ;     
20.05.2017 00:00:00   ;   238,8 ;     
21.05.2017 00:00:00   ;   239,8 ;     
22.05.2017 00:00:00   ;   241,8 ;     
23.05.2017 00:00:00   ;   243,7 ;     
24.05.2017 00:00:00   ;   246,0 ;     
25.05.2017 00:00:00   ;   248,5 ;     
26.05.2017 00:00:00   ;   251,1 ;     
27.05.2017 00:00:00   ;   253,6 ;     
28.05.2017 00:00:00   ;   255,8 ;     
29.05.2017 00:00:00   ;   257,0 ;     
30.05.2017 00:00:00   ;   257,5 ;     
31.05.2017 00:00:00   ;   257,4 ;     
01.06.2017 00:00:00   ;   256,9 ;     
02.06.2017 00:00:00   ;   255,8 ;     
03.06.2017 00:00:00   ;   254,5 ;     
04.06.2017 00:00:00   ;   252,8 ;     
05.06.2017 00:00:00   ;   250,9 ;     
06.06.2017 00:00:00   ;   249,0 ;     
07.06.2017 00:00:00   ;   246,9 ;     
08.06.2017 00:00:00   ;   245,2 ;     
09.06.2017 00:00:00   ;   243,9 ;     
10.06.2017 00:00:00   ;   242,3 ;     
11.06.2017 00:00:00   ;   241,0 ;     
12.06.2017 00:00:00   ;   239,9 ;     
13.06.2017 00:00:00   ;   238,7 ;     
14.06.2017 00:00:00   ;   237,5 ;     
15.06.2017 00:00:00   ;   236,4 ;     
16.06.2017 00:00:00   ;   235,4 ;     
17.06.2017 00:00:00   ;   234,5 ;     
18.06.2017 00:00:00   ;   233,3 ;     
19.06.2017 00:00:00   ;   232,7 ;     
20.06.2017 00:00:00   ;   232,1 ;     
21.06.2017 00:00:00   ;   231,5 ;     
22.06.2017 00:00:00   ;   231,0 ;     
23.06.2017 00:00:00   ;   230,5 ;     
24.06.2017 00:00:00   ;   229,9 ;     
25.06.2017 00:00:00   ;   229,3 ;     
26.06.2017 00:00:00   ;   229,3 ;     
27.06.2017 00:00:00   ;   229,3 ;     
28.06.2017 00:00:00   ;   229,0 ;     
29.06.2017 00:00:00   ;   228,0 ;     
30.06.2017 00:00:00   ;   227,3 ;     
01.07.2017 00:00:00   ;   227,2 ;     
02.07.2017 00:00:00   ;   227,1 ;     
03.07.2017 00:00:00   ;   227,0 ;     
04.07.2017 00:00:00   ;   226,7 ;     
05.07.2017 00:00:00   ;   226,7 ;     
06.07.2017 00:00:00   ;   226,8 ;     
07.07.2017 00:00:00   ;   227,1 ;     
08.07.2017 00:00:00   ;   226,9 ;     
09.07.2017 00:00:00   ;   226,6 ;     
10.07.2017 00:00:00   ;   226,4 ;     
11.07.2017 00:00:00   ;   226,7 ;     
12.07.2017 00:00:00   ;   226,4 ;     
13.07.2017 00:00:00   ;   226,5 ;     
14.07.2017 00:00:00   ;   226,1 ;     
15.07.2017 00:00:00   ;   225,4 ;     
16.07.2017 00:00:00   ;   224,9 ;     
17.07.2017 00:00:00   ;   225,5 ;     
18.07.2017 00:00:00   ;   225,7 ;     
19.07.2017 00:00:00   ;   225,6 ;     
20.07.2017 00:00:00   ;   225,5 ;     
21.07.2017 00:00:00   ;   225,9 ;     
22.07.2017 00:00:00   ;   226,2 ;     
23.07.2017 00:00:00   ;   225,6 ;     
24.07.2017 00:00:00   ;   224,8 ;     
25.07.2017 00:00:00   ;   224,5 ;     
26.07.2017 00:00:00   ;   224,0 ;     
27.07.2017 00:00:00   ;   224,0 ;     
28.07.2017 00:00:00   ;   224,4 ;     
29.07.2017 00:00:00   ;   224,5 ;     
30.07.2017 00:00:00   ;   224,6 ;     
31.07.2017 00:00:00   ;   224,6 ;     
01.08.2017 00:00:00   ;   225,4 ;     
02.08.2017 00:00:00   ;   225,2 ;     
03.08.2017 00:00:00   ;   225,0 ;     
04.08.2017 00:00:00   ;   224,7 ;     
05.08.2017 00:00:00   ;   225,5 ;     
06.08.2017 00:00:00   ;Lücke    ;     
07.08.2017 00:00:00   ;Lücke    ;     
08.08.2017 00:00:00   ;Lücke    ;     
09.08.2017 00:00:00   ;   252,6 ;     
10.08.2017 00:00:00   ;   248,1 ;     
11.08.2017 00:00:00   ;   253,6 ;     
12.08.2017 00:00:00   ;   252,8 ;     
13.08.2017 00:00:00   ;   253,2 ;     
14.08.2017 00:00:00   ;   254,4 ;     
15.08.2017 00:00:00   ;   255,8 ;     
16.08.2017 00:00:00   ;   257,7 ;     
17.08.2017 00:00:00   ;   260,9 ;     
18.08.2017 00:00:00   ;   263,0 ;     
19.08.2017 00:00:00   ;Lücke    ;     
20.08.2017 00:00:00   ;   259,6 ;     
21.08.2017 00:00:00   ;   260,3 ;     
22.08.2017 00:00:00   ;   258,1 ;     
23.08.2017 00:00:00   ;   257,9 ;     
24.08.2017 00:00:00   ;   260,0 ;     
25.08.2017 00:00:00   ;   256,3 ;     
26.08.2017 00:00:00   ;   252,6 ;     
27.08.2017 00:00:00   ;   249,8 ;     
28.08.2017 00:00:00   ;   248,1 ;     
29.08.2017 00:00:00   ;   246,9 ;     
30.08.2017 00:00:00   ;   245,0 ;     
31.08.2017 00:00:00   ;   243,1 ;     
01.09.2017 00:00:00   ;   242,9 ;     
02.09.2017 00:00:00   ;   243,2 ;     
03.09.2017 00:00:00   ;   243,9 ;     
04.09.2017 00:00:00   ;   243,9 ;     
05.09.2017 00:00:00   ;   242,8 ;     
06.09.2017 00:00:00   ;   241,5 ;     
07.09.2017 00:00:00   ;   239,8 ;     
08.09.2017 00:00:00   ;   238,8 ;     
09.09.2017 00:00:00   ;   238,1 ;     
10.09.2017 00:00:00   ;   236,7 ;     
11.09.2017 00:00:00   ;   237,0 ;     
12.09.2017 00:00:00   ;   236,8 ;     
13.09.2017 00:00:00   ;   236,2 ;     
14.09.2017 00:00:00   ;   236,3 ;     
15.09.2017 00:00:00   ;   235,3 ;     
16.09.2017 00:00:00   ;   235,1 ;     
17.09.2017 00:00:00   ;   236,8 ;     
18.09.2017 00:00:00   ;   237,9 ;     
19.09.2017 00:00:00   ;   238,3 ;     
20.09.2017 00:00:00   ;   237,2 ;     
21.09.2017 00:00:00   ;   236,1 ;     
22.09.2017 00:00:00   ;   235,7 ;     
23.09.2017 00:00:00   ;   235,4 ;     
24.09.2017 00:00:00   ;   234,6 ;     
25.09.2017 00:00:00   ;   233,9 ;     
26.09.2017 00:00:00   ;   233,4 ;     
27.09.2017 00:00:00   ;   233,0 ;     
28.09.2017 00:00:00   ;   232,7 ;     
29.09.2017 00:00:00   ;   232,4 ;     
30.09.2017 00:00:00   ;   232,0 ;     
01.10.2017 00:00:00   ;   231,4 ;     
02.10.2017 00:00:00   ;   230,9 ;     
03.10.2017 00:00:00   ;   230,5 ;     
04.10.2017 00:00:00   ;   229,8 ;     
05.10.2017 00:00:00   ;   230,0 ;     
06.10.2017 00:00:00   ;   228,4 ;     
07.10.2017 00:00:00   ;   226,3 ;     
08.10.2017 00:00:00   ;   225,4 ;     
09.10.2017 00:00:00   ;   225,0 ;     
10.10.2017 00:00:00   ;   224,7 ;     
11.10.2017 00:00:00   ;   224,8 ;     
12.10.2017 00:00:00   ;   224,8 ;     
13.10.2017 00:00:00   ;   224,8 ;     
14.10.2017 00:00:00   ;   225,2 ;     
15.10.2017 00:00:00   ;   225,5 ;     
16.10.2017 00:00:00   ;   225,5 ;     
17.10.2017 00:00:00   ;   225,5 ;     
18.10.2017 00:00:00   ;   225,0 ;     
19.10.2017 00:00:00   ;   224,6 ;     
20.10.2017 00:00:00   ;   224,4 ;     
21.10.2017 00:00:00   ;   224,2 ;     
22.10.2017 00:00:00   ;   223,3 ;     
23.10.2017 00:00:00   ;   221,8 ;     
24.10.2017 00:00:00   ;   221,9 ;     
25.10.2017 00:00:00   ;   222,3 ;     
26.10.2017 00:00:00   ;   223,0 ;     
27.10.2017 00:00:00   ;   222,6 ;     
28.10.2017 00:00:00   ;   222,0 ;     
29.10.2017 00:00:00   ;   221,7 ;     
30.10.2017 00:00:00   ;   221,1 ;     
31.10.2017 00:00:00   ;   220,0 ;     
01.11.2017 00:00:00   ;   220,3 ;     
02.11.2017 00:00:00   ;   220,8 ;     
03.11.2017 00:00:00   ;   220,7 ;     
04.11.2017 00:00:00   ;   220,2 ;     
05.11.2017 00:00:00   ;   220,4 ;     
06.11.2017 00:00:00   ;   219,4 ;     
07.11.2017 00:00:00   ;   218,4 ;     
08.11.2017 00:00:00   ;   218,3 ;     
09.11.2017 00:00:00   ;   217,8 ;     
10.11.2017 00:00:00   ;   217,8 ;     
11.11.2017 00:00:00   ;   217,7 ;     
12.11.2017 00:00:00   ;   217,8 ;     
13.11.2017 00:00:00   ;   217,6 ;     
14.11.2017 00:00:00   ;   217,1 ;     
15.11.2017 00:00:00   ;   216,9 ;     
16.11.2017 00:00:00   ;   217,6 ;     
17.11.2017 00:00:00   ;   217,3 ;     
18.11.2017 00:00:00   ;   217,0 ;     
19.11.2017 00:00:00   ;   216,7 ;     
20.11.2017 00:00:00   ;   216,7 ;     
21.11.2017 00:00:00   ;   217,0 ;     
22.11.2017 00:00:00   ;   217,7 ;     
23.11.2017 00:00:00   ;   217,8 ;     
24.11.2017 00:00:00   ;   218,1 ;     
25.11.2017 00:00:00   ;   217,7 ;     
26.11.2017 00:00:00   ;   217,1 ;     
27.11.2017 00:00:00   ;   217,0 ;     
28.11.2017 00:00:00   ;   217,2 ;     
29.11.2017 00:00:00   ;   217,0 ;     
30.11.2017 00:00:00   ;   216,8 ;     
01.12.2017 00:00:00   ;   216,8 ;     
02.12.2017 00:00:00   ;   216,8 ;     
03.12.2017 00:00:00   ;   217,0 ;     
04.12.2017 00:00:00   ;   218,2 ;     
05.12.2017 00:00:00   ;   218,4 ;     
06.12.2017 00:00:00   ;   217,9 ;     
07.12.2017 00:00:00   ;   217,8 ;     
08.12.2017 00:00:00   ;   217,4 ;     
09.12.2017 00:00:00   ;   217,3 ;     
10.12.2017 00:00:00   ;   217,4 ;     
11.12.2017 00:00:00   ;   217,7 ;     
12.12.2017 00:00:00   ;   219,4 ;     
13.12.2017 00:00:00   ;   220,4 ;     
14.12.2017 00:00:00   ;   221,2 ;     
15.12.2017 00:00:00   ;   222,2 ;     
16.12.2017 00:00:00   ;   222,8 ;     
17.12.2017 00:00:00   ;   222,8 ;     
18.12.2017 00:00:00   ;   222,3 ;     
19.12.2017 00:00:00   ;   221,9 ;     
20.12.2017 00:00:00   ;   221,4 ;     
21.12.2017 00:00:00   ;   221,3 ;     
22.12.2017 00:00:00   ;   221,1 ;     
23.12.2017 00:00:00   ;   221,0 ;     
24.12.2017 00:00:00   ;   220,9 ;     
25.12.2017 00:00:00   ;   221,0 ;     
26.12.2017 00:00:00   ;   220,5 ;     
27.12.2017 00:00:00   ;   220,3 ;     
28.12.2017 00:00:00   ;   220,0 ;     
29.12.2017 00:00:00   ;   219,9 ;     
30.12.2017 00:00:00   ;   220,0 ;     
31.12.2017 00:00:00   ;   220,2 ;     
01.01.2018 00:00:00   ;   220,0 ;     
02.01.2018 00:00:00   ;   219,8 ;     
03.01.2018 00:00:00   ;   219,7 ;     
04.01.2018 00:00:00   ;   219,7 ;     
05.01.2018 00:00:00   ;   219,9 ;     
06.01.2018 00:00:00   ;   219,7 ;     
07.01.2018 00:00:00   ;   219,7 ;     
08.01.2018 00:00:00   ;   219,8 ;     
09.01.2018 00:00:00   ;   219,5 ;     
10.01.2018 00:00:00   ;   219,6 ;     
11.01.2018 00:00:00   ;   219,7 ;     
12.01.2018 00:00:00   ;   219,9 ;     
13.01.2018 00:00:00   ;   220,1 ;     
14.01.2018 00:00:00   ;   220,3 ;     
15.01.2018 00:00:00   ;   220,4 ;     
16.01.2018 00:00:00   ;   220,6 ;     
17.01.2018 00:00:00   ;   220,5 ;     
18.01.2018 00:00:00   ;   220,6 ;     
19.01.2018 00:00:00   ;   220,7 ;     
20.01.2018 00:00:00   ;   220,5 ;     
21.01.2018 00:00:00   ;   220,4 ;     
22.01.2018 00:00:00   ;   220,5 ;     
23.01.2018 00:00:00   ;   220,6 ;     
24.01.2018 00:00:00   ;   220,6 ;     
25.01.2018 00:00:00   ;   220,6 ;     
26.01.2018 00:00:00   ;   220,5 ;     
27.01.2018 00:00:00   ;   220,5 ;     
28.01.2018 00:00:00   ;   220,6 ;     
29.01.2018 00:00:00   ;   220,8 ;     
30.01.2018 00:00:00   ;   220,6 ;     
31.01.2018 00:00:00   ;   220,3 ;     
01.02.2018 00:00:00   ;   220,1 ;     
02.02.2018 00:00:00   ;   220,0 ;     
03.02.2018 00:00:00   ;   220,0 ;     
04.02.2018 00:00:00   ;   220,0 ;     
05.02.2018 00:00:00   ;   220,1 ;     
06.02.2018 00:00:00   ;   220,4 ;     
07.02.2018 00:00:00   ;   220,7 ;     
08.02.2018 00:00:00   ;   220,6 ;     
09.02.2018 00:00:00   ;   220,6 ;     
10.02.2018 00:00:00   ;   220,6 ;     
11.02.2018 00:00:00   ;   220,7 ;     
12.02.2018 00:00:00   ;   220,6 ;     
13.02.2018 00:00:00   ;   220,5 ;     
14.02.2018 00:00:00   ;   220,5 ;     
15.02.2018 00:00:00   ;   220,8 ;     
16.02.2018 00:00:00   ;   221,0 ;     
17.02.2018 00:00:00   ;   221,0 ;     
18.02.2018 00:00:00   ;   220,8 ;     
19.02.2018 00:00:00   ;   220,8 ;     
20.02.2018 00:00:00   ;   220,7 ;     
21.02.2018 00:00:00   ;   220,7 ;     
22.02.2018 00:00:00   ;   220,8 ;     
23.02.2018 00:00:00   ;   220,8 ;     
24.02.2018 00:00:00   ;   220,8 ;     
25.02.2018 00:00:00   ;   220,7 ;     
26.02.2018 00:00:00   ;   220,6 ;     
27.02.2018 00:00:00   ;   220,7 ;     
28.02.2018 00:00:00   ;   220,9 ;     
01.03.2018 00:00:00   ;   221,0 ;     
02.03.2018 00:00:00   ;   221,3 ;     
03.03.2018 00:00:00   ;   221,3 ;     
04.03.2018 00:00:00   ;   221,4 ;     
05.03.2018 00:00:00   ;   221,4 ;     
06.03.2018 00:00:00   ;   221,3 ;     
07.03.2018 00:00:00   ;   221,2 ;     
08.03.2018 00:00:00   ;   221,1 ;     
09.03.2018 00:00:00   ;   221,2 ;     
10.03.2018 00:00:00   ;   221,3 ;     
11.03.2018 00:00:00   ;   221,3 ;     
12.03.2018 00:00:00   ;   221,8 ;     
13.03.2018 00:00:00   ;   221,9 ;     
14.03.2018 00:00:00   ;   221,7 ;     
15.03.2018 00:00:00   ;   221,5 ;     
16.03.2018 00:00:00   ;   221,6 ;     
17.03.2018 00:00:00   ;   221,5 ;     
18.03.2018 00:00:00   ;   221,4 ;     
19.03.2018 00:00:00   ;   221,2 ;     
20.03.2018 00:00:00   ;   221,2 ;     
21.03.2018 00:00:00   ;   221,2 ;     
22.03.2018 00:00:00   ;   221,3 ;     
23.03.2018 00:00:00   ;   221,4 ;     
24.03.2018 00:00:00   ;   221,4 ;     
25.03.2018 00:00:00   ;   221,6 ;     
26.03.2018 00:00:00   ;   221,6 ;     
27.03.2018 00:00:00   ;   221,5 ;     
28.03.2018 00:00:00   ;   221,7 ;     
29.03.2018 00:00:00   ;   221,5 ;     
30.03.2018 00:00:00   ;   221,6 ;     
31.03.2018 00:00:00   ;   222,3 ;     
01.04.2018 00:00:00   ;   222,0 ;     
02.04.2018 00:00:00   ;   222,0 ;     
03.04.2018 00:00:00   ;   222,1 ;     
04.04.2018 00:00:00   ;   222,7 ;     
05.04.2018 00:00:00   ;   223,2 ;     
06.04.2018 00:00:00   ;   223,9 ;     
07.04.2018 00:00:00   ;   225,2 ;     
08.04.2018 00:00:00   ;   227,3 ;     
09.04.2018 00:00:00   ;   230,6 ;     
10.04.2018 00:00:00   ;   232,3 ;     
11.04.2018 00:00:00   ;   235,8 ;     
12.04.2018 00:00:00   ;   238,9 ;     
13.04.2018 00:00:00   ;   243,2 ;     
14.04.2018 00:00:00   ;   246,1 ;     
15.04.2018 00:00:00   ;   249,9 ;     
16.04.2018 00:00:00   ;   252,3 ;     
17.04.2018 00:00:00   ;   254,6 ;     
18.04.2018 00:00:00   ;   256,8 ;     
19.04.2018 00:00:00   ;   259,1 ;     
20.04.2018 00:00:00   ;   261,4 ;     
21.04.2018 00:00:00   ;   263,8 ;     
22.04.2018 00:00:00   ;   265,6 ;     
23.04.2018 00:00:00   ;   266,9 ;     
24.04.2018 00:00:00   ;   267,8 ;     
25.04.2018 00:00:00   ;   268,1 ;     
26.04.2018 00:00:00   ;   268,2 ;     
27.04.2018 00:00:00   ;   268,5 ;     
28.04.2018 00:00:00   ;   268,9 ;     
29.04.2018 00:00:00   ;   269,4 ;     
30.04.2018 00:00:00   ;   269,7 ;     
01.05.2018 00:00:00   ;   269,9 ;     
02.05.2018 00:00:00   ;   270,1 ;     
03.05.2018 00:00:00   ;   270,2 ;     
04.05.2018 00:00:00   ;   270,4 ;     
05.05.2018 00:00:00   ;   270,2 ;     
06.05.2018 00:00:00   ;   270,4 ;     
07.05.2018 00:00:00   ;   270,3 ;     
08.05.2018 00:00:00   ;   269,9 ;     
09.05.2018 00:00:00   ;   269,4 ;     
10.05.2018 00:00:00   ;   268,6 ;     
11.05.2018 00:00:00   ;   267,9 ;     
12.05.2018 00:00:00   ;   266,4 ;     
13.05.2018 00:00:00   ;   263,8 ;     
14.05.2018 00:00:00   ;   260,7 ;     
15.05.2018 00:00:00   ;   256,1 ;     
16.05.2018 00:00:00   ;   255,6 ;     
17.05.2018 00:00:00   ;   252,4 ;     
18.05.2018 00:00:00   ;   248,3 ;     
19.05.2018 00:00:00   ;   245,8 ;     
20.05.2018 00:00:00   ;   244,6 ;     
21.05.2018 00:00:00   ;   243,5 ;     
22.05.2018 00:00:00   ;   242,7 ;     
23.05.2018 00:00:00   ;   242,1 ;     
24.05.2018 00:00:00   ;   241,6 ;     
25.05.2018 00:00:00   ;   240,4 ;     
26.05.2018 00:00:00   ;   238,9 ;     
27.05.2018 00:00:00   ;   237,8 ;     
28.05.2018 00:00:00   ;   237,0 ;     
29.05.2018 00:00:00   ;   236,1 ;     
30.05.2018 00:00:00   ;   235,2 ;     
31.05.2018 00:00:00   ;   234,5 ;     
01.06.2018 00:00:00   ;   233,7 ;     
02.06.2018 00:00:00   ;   233,2 ;     
03.06.2018 00:00:00   ;   233,0 ;     
04.06.2018 00:00:00   ;   232,5 ;     
05.06.2018 00:00:00   ;   232,0 ;     
06.06.2018 00:00:00   ;   231,4 ;     
07.06.2018 00:00:00   ;   231,1 ;     
08.06.2018 00:00:00   ;   230,6 ;     
09.06.2018 00:00:00   ;   230,3 ;     
10.06.2018 00:00:00   ;   230,3 ;     
11.06.2018 00:00:00   ;   230,1 ;     
12.06.2018 00:00:00   ;   229,8 ;     
13.06.2018 00:00:00   ;   228,9 ;     
14.06.2018 00:00:00   ;   228,0 ;     
15.06.2018 00:00:00   ;   227,6 ;     
16.06.2018 00:00:00   ;   227,2 ;     
17.06.2018 00:00:00   ;   226,8 ;     
18.06.2018 00:00:00   ;   226,1 ;     
19.06.2018 00:00:00   ;   225,8 ;     
20.06.2018 00:00:00   ;   225,6 ;     
21.06.2018 00:00:00   ;   225,4 ;     
22.06.2018 00:00:00   ;   225,3 ;     
23.06.2018 00:00:00   ;   225,2 ;     
24.06.2018 00:00:00   ;   225,1 ;     
25.06.2018 00:00:00   ;   225,0 ;     
26.06.2018 00:00:00   ;   224,8 ;     
27.06.2018 00:00:00   ;   224,7 ;     
28.06.2018 00:00:00   ;   224,6 ;     
29.06.2018 00:00:00   ;   224,5 ;     
30.06.2018 00:00:00   ;   224,4 ;     
01.07.2018 00:00:00   ;   224,2 ;     
02.07.2018 00:00:00   ;   224,0 ;     
03.07.2018 00:00:00   ;   224,2 ;     
04.07.2018 00:00:00   ;   224,1 ;     
05.07.2018 00:00:00   ;   223,9 ;     
06.07.2018 00:00:00   ;   223,1 ;     
07.07.2018 00:00:00   ;   223,4 ;     
08.07.2018 00:00:00   ;   223,9 ;     
09.07.2018 00:00:00   ;   224,1 ;     
10.07.2018 00:00:00   ;   224,0 ;     
11.07.2018 00:00:00   ;   223,5 ;     
12.07.2018 00:00:00   ;   223,5 ;     
13.07.2018 00:00:00   ;   223,7 ;     
14.07.2018 00:00:00   ;   223,9 ;     
15.07.2018 00:00:00   ;   223,8 ;     
16.07.2018 00:00:00   ;   223,7 ;     
17.07.2018 00:00:00   ;   224,0 ;     
18.07.2018 00:00:00   ;   224,2 ;     
19.07.2018 00:00:00   ;   224,6 ;     
20.07.2018 00:00:00   ;   224,8 ;     
21.07.2018 00:00:00   ;   224,5 ;     
22.07.2018 00:00:00   ;   224,4 ;     
23.07.2018 00:00:00   ;   224,3 ;     
24.07.2018 00:00:00   ;   224,7 ;     
25.07.2018 00:00:00   ;   225,2 ;     
26.07.2018 00:00:00   ;   225,5 ;     
27.07.2018 00:00:00   ;   225,7 ;     
28.07.2018 00:00:00   ;   225,9 ;     
29.07.2018 00:00:00   ;   225,7 ;     
30.07.2018 00:00:00   ;   226,1 ;     
31.07.2018 00:00:00   ;   226,4 ;     
01.08.2018 00:00:00   ;   226,7 ;     
02.08.2018 00:00:00   ;   226,4 ;     
03.08.2018 00:00:00   ;   226,5 ;     
04.08.2018 00:00:00   ;   226,8 ;     
05.08.2018 00:00:00   ;   226,9 ;     
06.08.2018 00:00:00   ;   226,7 ;     
07.08.2018 00:00:00   ;   226,6 ;     
08.08.2018 00:00:00   ;   226,2 ;     
09.08.2018 00:00:00   ;   226,7 ;     
10.08.2018 00:00:00   ;   225,8 ;     
11.08.2018 00:00:00   ;   225,5 ;     
12.08.2018 00:00:00   ;   226,2 ;     
13.08.2018 00:00:00   ;   226,6 ;     
14.08.2018 00:00:00   ;   226,2 ;     
15.08.2018 00:00:00   ;   226,0 ;     
16.08.2018 00:00:00   ;   226,2 ;     
17.08.2018 00:00:00   ;   226,8 ;     
18.08.2018 00:00:00   ;   227,0 ;     
19.08.2018 00:00:00   ;   227,1 ;     
20.08.2018 00:00:00   ;   227,2 ;     
21.08.2018 00:00:00   ;   227,3 ;     
22.08.2018 00:00:00   ;   227,1 ;     
23.08.2018 00:00:00   ;   227,0 ;     
24.08.2018 00:00:00   ;   226,7 ;     
25.08.2018 00:00:00   ;   225,3 ;     
26.08.2018 00:00:00   ;   223,9 ;     
27.08.2018 00:00:00   ;   224,8 ;     
28.08.2018 00:00:00   ;   226,5 ;     
29.08.2018 00:00:00   ;   227,0 ;     
30.08.2018 00:00:00   ;   226,7 ;     
31.08.2018 00:00:00   ;   226,1 ;     
01.09.2018 00:00:00   ;   226,4 ;     
02.09.2018 00:00:00   ;   226,5 ;     
03.09.2018 00:00:00   ;   226,9 ;     
04.09.2018 00:00:00   ;   227,1 ;     
05.09.2018 00:00:00   ;   227,4 ;     
06.09.2018 00:00:00   ;   227,9 ;     
07.09.2018 00:00:00   ;   227,7 ;     
08.09.2018 00:00:00   ;   227,9 ;     
09.09.2018 00:00:00   ;   228,5 ;     
10.09.2018 00:00:00   ;   229,0 ;     
11.09.2018 00:00:00   ;   229,3 ;     
12.09.2018 00:00:00   ;   230,0 ;     
13.09.2018 00:00:00   ;   230,1 ;     
14.09.2018 00:00:00   ;   229,4 ;     
15.09.2018 00:00:00   ;   229,0 ;     
16.09.2018 00:00:00   ;   229,4 ;     
17.09.2018 00:00:00   ;   229,9 ;     
18.09.2018 00:00:00   ;   230,0 ;     
19.09.2018 00:00:00   ;   230,0 ;     
20.09.2018 00:00:00   ;   230,3 ;     
21.09.2018 00:00:00   ;   230,8 ;     
22.09.2018 00:00:00   ;   228,7 ;     
23.09.2018 00:00:00   ;   229,4 ;     
24.09.2018 00:00:00   ;   227,4 ;     
25.09.2018 00:00:00   ;   225,0 ;     
26.09.2018 00:00:00   ;   225,5 ;     
27.09.2018 00:00:00   ;   227,9 ;     
28.09.2018 00:00:00   ;   228,6 ;     
29.09.2018 00:00:00   ;   227,5 ;     
30.09.2018 00:00:00   ;   228,4 ;     
01.10.2018 00:00:00   ;   227,7 ;     
02.10.2018 00:00:00   ;   225,0 ;     
03.10.2018 00:00:00   ;   225,4 ;     
04.10.2018 00:00:00   ;   226,3 ;     
05.10.2018 00:00:00   ;   228,0 ;     
06.10.2018 00:00:00   ;   228,8 ;     
07.10.2018 00:00:00   ;   228,2 ;     
08.10.2018 00:00:00   ;   228,1 ;     
09.10.2018 00:00:00   ;   228,9 ;     
10.10.2018 00:00:00   ;   229,7 ;     
11.10.2018 00:00:00   ;   230,0 ;     
12.10.2018 00:00:00   ;   229,8 ;     
13.10.2018 00:00:00   ;   230,1 ;     
14.10.2018 00:00:00   ;   229,8 ;     
15.10.2018 00:00:00   ;   229,2 ;     
16.10.2018 00:00:00   ;   228,5 ;     
17.10.2018 00:00:00   ;   228,3 ;     
18.10.2018 00:00:00   ;   228,0 ;     
19.10.2018 00:00:00   ;   227,7 ;     
20.10.2018 00:00:00   ;   227,4 ;     
21.10.2018 00:00:00   ;   226,2 ;     
22.10.2018 00:00:00   ;   224,2 ;     
23.10.2018 00:00:00   ;   224,1 ;     
24.10.2018 00:00:00   ;   224,2 ;     
25.10.2018 00:00:00   ;   225,7 ;     
26.10.2018 00:00:00   ;   226,1 ;     
27.10.2018 00:00:00   ;   224,6 ;     
28.10.2018 00:00:00   ;   222,6 ;     
29.10.2018 00:00:00   ;   227,2 ;     
30.10.2018 00:00:00   ;   229,6 ;     
31.10.2018 00:00:00   ;   230,7 ;     
01.11.2018 00:00:00   ;   232,3 ;     
02.11.2018 00:00:00   ;   232,5 ;     
03.11.2018 00:00:00   ;   232,8 ;     
04.11.2018 00:00:00   ;   234,0 ;     
05.11.2018 00:00:00   ;   233,3 ;     
06.11.2018 00:00:00   ;   233,1 ;     
07.11.2018 00:00:00   ;   233,0 ;     
08.11.2018 00:00:00   ;   232,1 ;     
09.11.2018 00:00:00   ;   232,0 ;     
10.11.2018 00:00:00   ;   230,8 ;     
11.11.2018 00:00:00   ;   231,3 ;     
12.11.2018 00:00:00   ;   230,6 ;     
13.11.2018 00:00:00   ;   230,8 ;     
14.11.2018 00:00:00   ;   230,4 ;     
15.11.2018 00:00:00   ;   230,2 ;     
16.11.2018 00:00:00   ;   229,3 ;     
17.11.2018 00:00:00   ;   228,1 ;     
18.11.2018 00:00:00   ;   227,3 ;     
19.11.2018 00:00:00   ;   226,6 ;     
20.11.2018 00:00:00   ;   226,7 ;     
21.11.2018 00:00:00   ;   226,9 ;     
22.11.2018 00:00:00   ;   227,0 ;     
23.11.2018 00:00:00   ;   226,8 ;     
24.11.2018 00:00:00   ;   227,2 ;     
25.11.2018 00:00:00   ;   226,5 ;     
26.11.2018 00:00:00   ;   225,9 ;     
27.11.2018 00:00:00   ;   225,7 ;     
28.11.2018 00:00:00   ;   225,4 ;     
29.11.2018 00:00:00   ;   225,7 ;     
30.11.2018 00:00:00   ;   225,8 ;     
01.12.2018 00:00:00   ;   225,3 ;     
02.12.2018 00:00:00   ;   225,2 ;     
03.12.2018 00:00:00   ;   225,4 ;     
04.12.2018 00:00:00   ;   225,2 ;     
05.12.2018 00:00:00   ;   225,0 ;     
06.12.2018 00:00:00   ;   225,0 ;     
07.12.2018 00:00:00   ;   225,2 ;     
08.12.2018 00:00:00   ;   224,8 ;     
09.12.2018 00:00:00   ;   224,3 ;     
10.12.2018 00:00:00   ;   224,0 ;     
11.12.2018 00:00:00   ;   224,0 ;     
12.12.2018 00:00:00   ;   223,8 ;     
13.12.2018 00:00:00   ;   223,7 ;     
14.12.2018 00:00:00   ;   223,9 ;     
15.12.2018 00:00:00   ;   223,9 ;     
16.12.2018 00:00:00   ;   223,9 ;     
17.12.2018 00:00:00   ;   223,7 ;     
18.12.2018 00:00:00   ;   223,6 ;     
19.12.2018 00:00:00   ;   223,9 ;     
20.12.2018 00:00:00   ;   224,0 ;     
21.12.2018 00:00:00   ;   223,6 ;     
22.12.2018 00:00:00   ;   223,8 ;     
23.12.2018 00:00:00   ;   223,8 ;     
24.12.2018 00:00:00   ;   223,6 ;     
25.12.2018 00:00:00   ;   223,2 ;     
26.12.2018 00:00:00   ;   223,5 ;     
27.12.2018 00:00:00   ;   223,8 ;     
28.12.2018 00:00:00   ;   224,2 ;     
29.12.2018 00:00:00   ;   224,0 ;     
30.12.2018 00:00:00   ;   223,8 ;     
31.12.2018 00:00:00   ;   223,6 ;     
01.01.2019 00:00:00   ;   223,7 ;     
02.01.2019 00:00:00   ;   223,3 ;     
03.01.2019 00:00:00   ;   223,1 ;     
04.01.2019 00:00:00   ;   223,5 ;     
05.01.2019 00:00:00   ;   223,5 ;     
06.01.2019 00:00:00   ;   223,5 ;     
07.01.2019 00:00:00   ;   223,5 ;     
08.01.2019 00:00:00   ;   223,6 ;     
09.01.2019 00:00:00   ;   223,1 ;     
10.01.2019 00:00:00   ;   223,2 ;     
11.01.2019 00:00:00   ;   223,3 ;     
12.01.2019 00:00:00   ;   223,3 ;     
13.01.2019 00:00:00   ;   223,0 ;     
14.01.2019 00:00:00   ;   223,0 ;     
15.01.2019 00:00:00   ;   223,1 ;     
16.01.2019 00:00:00   ;   223,4 ;     
17.01.2019 00:00:00   ;   223,2 ;     
18.01.2019 00:00:00   ;   223,0 ;     
19.01.2019 00:00:00   ;   223,1 ;     
20.01.2019 00:00:00   ;   223,1 ;     
21.01.2019 00:00:00   ;   223,1 ;     
22.01.2019 00:00:00   ;   223,0 ;     
23.01.2019 00:00:00   ;   223,0 ;     
24.01.2019 00:00:00   ;   223,0 ;     
25.01.2019 00:00:00   ;   223,0 ;     
26.01.2019 00:00:00   ;   223,1 ;     
27.01.2019 00:00:00   ;   223,1 ;     
28.01.2019 00:00:00   ;   223,0 ;     
29.01.2019 00:00:00   ;   222,9 ;     
30.01.2019 00:00:00   ;   222,9 ;     
31.01.2019 00:00:00   ;   222,9 ;     
01.02.2019 00:00:00   ;   223,0 ;     
02.02.2019 00:00:00   ;   223,0 ;     
03.02.2019 00:00:00   ;   222,8 ;     
04.02.2019 00:00:00   ;   222,8 ;     
05.02.2019 00:00:00   ;   222,9 ;     
06.02.2019 00:00:00   ;   223,0 ;     
07.02.2019 00:00:00   ;   223,1 ;     
08.02.2019 00:00:00   ;   223,0 ;     
09.02.2019 00:00:00   ;   223,1 ;     
10.02.2019 00:00:00   ;   223,0 ;     
11.02.2019 00:00:00   ;   223,0 ;     
12.02.2019 00:00:00   ;   222,9 ;     
13.02.2019 00:00:00   ;   223,0 ;     
14.02.2019 00:00:00   ;   223,1 ;     
15.02.2019 00:00:00   ;   223,2 ;     
16.02.2019 00:00:00   ;   223,0 ;     
17.02.2019 00:00:00   ;   223,2 ;     
18.02.2019 00:00:00   ;   223,5 ;     
19.02.2019 00:00:00   ;   223,3 ;     
20.02.2019 00:00:00   ;   223,1 ;     
21.02.2019 00:00:00   ;   223,0 ;     
22.02.2019 00:00:00   ;   223,0 ;     
23.02.2019 00:00:00   ;   222,7 ;     
24.02.2019 00:00:00   ;   222,8 ;     
25.02.2019 00:00:00   ;   222,9 ;     
26.02.2019 00:00:00   ;   223,0 ;     
27.02.2019 00:00:00   ;   223,3 ;     
28.02.2019 00:00:00   ;   224,0 ;     
01.03.2019 00:00:00   ;   223,5 ;     
02.03.2019 00:00:00   ;   223,0 ;     
03.03.2019 00:00:00   ;   223,0 ;     
04.03.2019 00:00:00   ;   223,2 ;     
05.03.2019 00:00:00   ;   222,9 ;     
06.03.2019 00:00:00   ;   223,0 ;     
07.03.2019 00:00:00   ;   223,0 ;     
08.03.2019 00:00:00   ;   223,0 ;     
09.03.2019 00:00:00   ;   223,3 ;     
10.03.2019 00:00:00   ;   223,8 ;     
11.03.2019 00:00:00   ;   223,3 ;     
12.03.2019 00:00:00   ;   223,0 ;     
13.03.2019 00:00:00   ;   223,1 ;     
14.03.2019 00:00:00   ;   223,4 ;     
15.03.2019 00:00:00   ;   223,5 ;     
16.03.2019 00:00:00   ;   223,9 ;     
17.03.2019 00:00:00   ;   224,2 ;     
18.03.2019 00:00:00   ;   224,0 ;     
19.03.2019 00:00:00   ;   223,9 ;     
20.03.2019 00:00:00   ;   223,9 ;     
21.03.2019 00:00:00   ;   224,2 ;     
22.03.2019 00:00:00   ;   224,9 ;     
23.03.2019 00:00:00   ;   225,2 ;     
24.03.2019 00:00:00   ;   225,7 ;     
25.03.2019 00:00:00   ;   225,7 ;     
26.03.2019 00:00:00   ;   225,1 ;     
27.03.2019 00:00:00   ;   225,1 ;     
28.03.2019 00:00:00   ;   225,3 ;     
29.03.2019 00:00:00   ;   225,9 ;     
30.03.2019 00:00:00   ;   226,6 ;     
31.03.2019 00:00:00   ;   227,1 ;     
01.04.2019 00:00:00   ;   227,7 ;     
02.04.2019 00:00:00   ;   228,5 ;     
03.04.2019 00:00:00   ;   229,3 ;     
04.04.2019 00:00:00   ;   231,4 ;     
05.04.2019 00:00:00   ;   233,2 ;     
06.04.2019 00:00:00   ;   235,9 ;     
07.04.2019 00:00:00   ;   238,7 ;     
08.04.2019 00:00:00   ;   241,0 ;     
09.04.2019 00:00:00   ;   242,6 ;     
10.04.2019 00:00:00   ;   244,7 ;     
11.04.2019 00:00:00   ;   247,3 ;     
12.04.2019 00:00:00   ;   249,4 ;     
13.04.2019 00:00:00   ;   251,1 ;     
14.04.2019 00:00:00   ;   252,0 ;     
15.04.2019 00:00:00   ;   252,0 ;     
16.04.2019 00:00:00   ;   251,1 ;     
17.04.2019 00:00:00   ;   250,2 ;     
18.04.2019 00:00:00   ;   249,0 ;     
19.04.2019 00:00:00   ;   248,6 ;     
20.04.2019 00:00:00   ;   249,4 ;     
21.04.2019 00:00:00   ;   250,9 ;     
22.04.2019 00:00:00   ;   253,3 ;     
23.04.2019 00:00:00   ;   256,2 ;     
24.04.2019 00:00:00   ;   258,5 ;     
25.04.2019 00:00:00   ;   260,7 ;     
26.04.2019 00:00:00   ;   261,6 ;     
27.04.2019 00:00:00   ;   262,6 ;     
28.04.2019 00:00:00   ;   262,9 ;     
29.04.2019 00:00:00   ;   262,7 ;     
30.04.2019 00:00:00   ;   263,0 ;     
01.05.2019 00:00:00   ;   262,8 ;     
02.05.2019 00:00:00   ;   262,4 ;     
03.05.2019 00:00:00   ;   262,0 ;     
04.05.2019 00:00:00   ;   262,0 ;     
05.05.2019 00:00:00   ;   262,3 ;     
06.05.2019 00:00:00   ;   263,0 ;     
07.05.2019 00:00:00   ;   263,0 ;     
08.05.2019 00:00:00   ;   263,0 ;     
09.05.2019 00:00:00   ;   263,0 ;     
10.05.2019 00:00:00   ;   263,0 ;     
11.05.2019 00:00:00   ;   263,0 ;     
12.05.2019 00:00:00   ;   262,8 ;     
13.05.2019 00:00:00   ;   262,0 ;     
14.05.2019 00:00:00   ;   261,4 ;     
15.05.2019 00:00:00   ;   260,3 ;     
16.05.2019 00:00:00   ;   259,6 ;     
17.05.2019 00:00:00   ;   258,5 ;     
18.05.2019 00:00:00   ;   257,3 ;     
19.05.2019 00:00:00   ;   256,2 ;     
20.05.2019 00:00:00   ;   255,1 ;     
21.05.2019 00:00:00   ;   255,4 ;     
22.05.2019 00:00:00   ;   256,0 ;     
23.05.2019 00:00:00   ;   256,8 ;     
24.05.2019 00:00:00   ;   256,9 ;     
25.05.2019 00:00:00   ;   256,9 ;     
26.05.2019 00:00:00   ;   256,9 ;     
27.05.2019 00:00:00   ;   256,9 ;     
28.05.2019 00:00:00   ;   257,8 ;     
29.05.2019 00:00:00   ;   259,0 ;     
30.05.2019 00:00:00   ;   260,9 ;     
31.05.2019 00:00:00   ;   262,9 ;     
01.06.2019 00:00:00   ;   264,7 ;     
02.06.2019 00:00:00   ;   266,4 ;     
03.06.2019 00:00:00   ;   268,6 ;     
04.06.2019 00:00:00   ;   271,0 ;     
05.06.2019 00:00:00   ;   273,0 ;     
06.06.2019 00:00:00   ;   274,4 ;     
07.06.2019 00:00:00   ;   275,5 ;     
08.06.2019 00:00:00   ;   275,6 ;     
09.06.2019 00:00:00   ;   275,4 ;     
10.06.2019 00:00:00   ;   274,4 ;     
11.06.2019 00:00:00   ;   275,0 ;     
12.06.2019 00:00:00   ;   276,3 ;     
13.06.2019 00:00:00   ;   276,7 ;     
14.06.2019 00:00:00   ;   276,3 ;     
15.06.2019 00:00:00   ;   274,9 ;     
16.06.2019 00:00:00   ;   272,5 ;     
17.06.2019 00:00:00   ;   269,8 ;     
18.06.2019 00:00:00   ;   267,0 ;     
19.06.2019 00:00:00   ;   263,9 ;     
20.06.2019 00:00:00   ;   260,8 ;     
21.06.2019 00:00:00   ;   257,7 ;     
22.06.2019 00:00:00   ;   254,8 ;     
23.06.2019 00:00:00   ;   251,7 ;     
24.06.2019 00:00:00   ;   249,2 ;     
25.06.2019 00:00:00   ;   247,0 ;     
26.06.2019 00:00:00   ;   244,6 ;     
27.06.2019 00:00:00   ;   242,8 ;     
28.06.2019 00:00:00   ;   241,2 ;     
29.06.2019 00:00:00   ;   239,4 ;     
30.06.2019 00:00:00   ;   238,3 ;     
01.07.2019 00:00:00   ;   237,0 ;     
02.07.2019 00:00:00   ;   235,8 ;     
03.07.2019 00:00:00   ;   234,8 ;     
04.07.2019 00:00:00   ;   234,0 ;     
05.07.2019 00:00:00   ;   233,5 ;     
06.07.2019 00:00:00   ;   232,6 ;     
07.07.2019 00:00:00   ;   231,6 ;     
08.07.2019 00:00:00   ;   230,6 ;     
09.07.2019 00:00:00   ;   230,0 ;     
10.07.2019 00:00:00   ;   229,5 ;     
11.07.2019 00:00:00   ;   228,5 ;     
12.07.2019 00:00:00   ;   227,6 ;     
13.07.2019 00:00:00   ;   227,4 ;     
14.07.2019 00:00:00   ;   227,4 ;     
15.07.2019 00:00:00   ;   227,0 ;     
16.07.2019 00:00:00   ;   226,9 ;     
17.07.2019 00:00:00   ;   226,4 ;     
18.07.2019 00:00:00   ;   226,3 ;     
19.07.2019 00:00:00   ;   226,3 ;     
20.07.2019 00:00:00   ;   226,1 ;     
21.07.2019 00:00:00   ;   226,0 ;     
22.07.2019 00:00:00   ;   225,5 ;     
23.07.2019 00:00:00   ;   225,2 ;     
24.07.2019 00:00:00   ;   225,5 ;     
25.07.2019 00:00:00   ;   225,2 ;     
26.07.2019 00:00:00   ;   225,1 ;     
27.07.2019 00:00:00   ;   224,4 ;     
28.07.2019 00:00:00   ;   223,5 ;     
29.07.2019 00:00:00   ;   222,7 ;     
30.07.2019 00:00:00   ;   222,9 ;     
31.07.2019 00:00:00   ;   222,3 ;     
01.08.2019 00:00:00   ;   221,9 ;     
02.08.2019 00:00:00   ;   221,8 ;     
03.08.2019 00:00:00   ;   221,8 ;     
04.08.2019 00:00:00   ;   221,8 ;     
05.08.2019 00:00:00   ;   222,1 ;     
06.08.2019 00:00:00   ;   222,2 ;     
07.08.2019 00:00:00   ;   222,6 ;     
08.08.2019 00:00:00   ;   222,6 ;     
09.08.2019 00:00:00   ;   222,6 ;     
10.08.2019 00:00:00   ;   222,4 ;     
11.08.2019 00:00:00   ;   223,2 ;     
12.08.2019 00:00:00   ;   222,9 ;     
13.08.2019 00:00:00   ;   223,1 ;     
14.08.2019 00:00:00   ;   223,6 ;     
15.08.2019 00:00:00   ;   224,1 ;     
16.08.2019 00:00:00   ;   224,5 ;     
17.08.2019 00:00:00   ;   224,9 ;     
18.08.2019 00:00:00   ;   225,3 ;     
19.08.2019 00:00:00   ;   224,7 ;     
20.08.2019 00:00:00   ;   224,3 ;     
21.08.2019 00:00:00   ;   223,4 ;     
22.08.2019 00:00:00   ;   224,6 ;     
23.08.2019 00:00:00   ;   224,9 ;     
24.08.2019 00:00:00   ;   225,2 ;     
25.08.2019 00:00:00   ;   225,2 ;     
26.08.2019 00:00:00   ;   225,1 ;     
27.08.2019 00:00:00   ;   225,1 ;     
28.08.2019 00:00:00   ;   225,2 ;     
29.08.2019 00:00:00   ;   225,3 ;     
30.08.2019 00:00:00   ;   225,4 ;     
31.08.2019 00:00:00   ;   225,5 ;     
01.09.2019 00:00:00   ;   225,6 ;     
02.09.2019 00:00:00   ;   225,7 ;     
03.09.2019 00:00:00   ;   225,8 ;     
04.09.2019 00:00:00   ;   226,2 ;     
05.09.2019 00:00:00   ;   225,7 ;     
06.09.2019 00:00:00   ;   224,0 ;     
07.09.2019 00:00:00   ;   223,8 ;     
08.09.2019 00:00:00   ;   222,5 ;     
09.09.2019 00:00:00   ;   222,9 ;     
10.09.2019 00:00:00   ;   224,3 ;     
11.09.2019 00:00:00   ;   225,7 ;     
12.09.2019 00:00:00   ;   226,2 ;     
13.09.2019 00:00:00   ;   227,2 ;     
14.09.2019 00:00:00   ;   227,6 ;     
15.09.2019 00:00:00   ;   228,0 ;     
16.09.2019 00:00:00   ;   228,2 ;     
17.09.2019 00:00:00   ;   228,2 ;     
18.09.2019 00:00:00   ;   226,2 ;     
19.09.2019 00:00:00   ;   224,5 ;     
20.09.2019 00:00:00   ;   223,6 ;     
21.09.2019 00:00:00   ;   224,8 ;     
22.09.2019 00:00:00   ;   224,8 ;     
23.09.2019 00:00:00   ;   225,2 ;     
24.09.2019 00:00:00   ;   224,6 ;     
25.09.2019 00:00:00   ;   224,8 ;     
26.09.2019 00:00:00   ;   224,4 ;     
27.09.2019 00:00:00   ;   225,1 ;     
28.09.2019 00:00:00   ;   224,7 ;     
29.09.2019 00:00:00   ;   224,6 ;     
30.09.2019 00:00:00   ;   225,5 ;     
01.10.2019 00:00:00   ;   225,6 ;     
02.10.2019 00:00:00   ;   225,1 ;     
03.10.2019 00:00:00   ;   222,4 ;     
04.10.2019 00:00:00   ;   221,8 ;     
05.10.2019 00:00:00   ;   221,9 ;     
06.10.2019 00:00:00   ;   221,7 ;     
07.10.2019 00:00:00   ;   221,9 ;     
08.10.2019 00:00:00   ;   222,3 ;     
09.10.2019 00:00:00   ;   223,1 ;     
10.10.2019 00:00:00   ;   221,9 ;     
11.10.2019 00:00:00   ;   222,3 ;     
12.10.2019 00:00:00   ;   224,1 ;     
13.10.2019 00:00:00   ;   225,4 ;     
14.10.2019 00:00:00   ;   226,4 ;     
15.10.2019 00:00:00   ;   225,4 ;     
16.10.2019 00:00:00   ;   224,1 ;     
17.10.2019 00:00:00   ;   224,2 ;     
18.10.2019 00:00:00   ;   224,4 ;     
19.10.2019 00:00:00   ;   225,6 ;     
20.10.2019 00:00:00   ;   226,0 ;     
21.10.2019 00:00:00   ;   225,4 ;     
22.10.2019 00:00:00   ;   226,6 ;     
23.10.2019 00:00:00   ;   226,4 ;     
24.10.2019 00:00:00   ;   226,0 ;     
25.10.2019 00:00:00   ;   224,8 ;     
26.10.2019 00:00:00   ;   225,7 ;     
27.10.2019 00:00:00   ;   225,4 ;     
28.10.2019 00:00:00   ;   224,6 ;     
29.10.2019 00:00:00   ;   223,3 ;     
30.10.2019 00:00:00   ;   221,1 ;     
31.10.2019 00:00:00   ;   220,2 ;     
01.11.2019 00:00:00   ;   220,1 ;     
02.11.2019 00:00:00   ;   219,4 ;     
03.11.2019 00:00:00   ;   221,4 ;     
04.11.2019 00:00:00   ;   220,5 ;     
05.11.2019 00:00:00   ;   219,8 ;     
06.11.2019 00:00:00   ;   219,0 ;     
07.11.2019 00:00:00   ;   218,8 ;     
08.11.2019 00:00:00   ;   218,8 ;     
09.11.2019 00:00:00   ;   218,2 ;     
10.11.2019 00:00:00   ;   217,9 ;     
11.11.2019 00:00:00   ;   218,2 ;     
12.11.2019 00:00:00   ;   218,0 ;     
13.11.2019 00:00:00   ;   217,8 ;     
14.11.2019 00:00:00   ;   218,1 ;     
15.11.2019 00:00:00   ;   218,4 ;     
16.11.2019 00:00:00   ;   217,8 ;     
17.11.2019 00:00:00   ;   217,7 ;     
18.11.2019 00:00:00   ;   218,4 ;     
19.11.2019 00:00:00   ;   219,1 ;     
20.11.2019 00:00:00   ;   219,2 ;     
21.11.2019 00:00:00   ;   219,6 ;     
22.11.2019 00:00:00   ;   219,7 ;     
23.11.2019 00:00:00   ;   219,9 ;     
24.11.2019 00:00:00   ;   220,8 ;     
25.11.2019 00:00:00   ;   221,8 ;     
26.11.2019 00:00:00   ;   222,4 ;     
27.11.2019 00:00:00   ;   222,3 ;     
28.11.2019 00:00:00   ;   222,7 ;     
29.11.2019 00:00:00   ;   222,4 ;     
30.11.2019 00:00:00   ;   222,3 ;     
01.12.2019 00:00:00   ;   222,2 ;     
02.12.2019 00:00:00   ;   222,0 ;     
03.12.2019 00:00:00   ;   221,2 ;     
04.12.2019 00:00:00   ;   221,7 ;     
05.12.2019 00:00:00   ;   222,4 ;     
06.12.2019 00:00:00   ;   222,2 ;     
07.12.2019 00:00:00   ;   222,1 ;     
08.12.2019 00:00:00   ;   221,8 ;     
09.12.2019 00:00:00   ;   221,4 ;     
10.12.2019 00:00:00   ;   220,6 ;     
11.12.2019 00:00:00   ;   220,6 ;     
12.12.2019 00:00:00   ;   220,2 ;     
13.12.2019 00:00:00   ;   219,9 ;     
14.12.2019 00:00:00   ;   219,9 ;     
15.12.2019 00:00:00   ;   220,6 ;     
16.12.2019 00:00:00   ;   220,4 ;     
17.12.2019 00:00:00   ;   220,6 ;     
18.12.2019 00:00:00   ;   221,3 ;     
19.12.2019 00:00:00   ;   221,7 ;     
20.12.2019 00:00:00   ;   222,1 ;     
21.12.2019 00:00:00   ;   222,6 ;     
22.12.2019 00:00:00   ;   223,5 ;     
23.12.2019 00:00:00   ;   223,8 ;     
24.12.2019 00:00:00   ;   224,6 ;     
25.12.2019 00:00:00   ;   224,6 ;     
26.12.2019 00:00:00   ;   224,0 ;     
27.12.2019 00:00:00   ;   223,5 ;     
28.12.2019 00:00:00   ;   223,0 ;     
29.12.2019 00:00:00   ;   222,5 ;     
30.12.2019 00:00:00   ;   222,6 ;     
31.12.2019 00:00:00   ;   222,7 ;     
01.01.2020 00:00:00   ;   222,4 ;     
02.01.2020 00:00:00   ;   222,3 ;     
03.01.2020 00:00:00   ;   222,3 ;     
04.01.2020 00:00:00   ;   221,7 ;     
05.01.2020 00:00:00   ;   221,2 ;     
06.01.2020 00:00:00   ;   221,2 ;     
07.01.2020 00:00:00   ;   221,2 ;     
08.01.2020 00:00:00   ;   220,9 ;     
09.01.2020 00:00:00   ;   221,5 ;     
10.01.2020 00:00:00   ;   221,1 ;     
11.01.2020 00:00:00   ;   220,3 ;     
12.01.2020 00:00:00   ;   220,5 ;     
13.01.2020 00:00:00   ;   220,2 ;     
14.01.2020 00:00:00   ;   220,0 ;     
15.01.2020 00:00:00   ;   220,5 ;     
16.01.2020 00:00:00   ;   220,0 ;     
17.01.2020 00:00:00   ;   219,9 ;     
18.01.2020 00:00:00   ;   219,3 ;     
19.01.2020 00:00:00   ;   218,8 ;     
20.01.2020 00:00:00   ;   218,8 ;     
21.01.2020 00:00:00   ;   219,2 ;     
22.01.2020 00:00:00   ;   219,7 ;     
23.01.2020 00:00:00   ;   219,7 ;     
24.01.2020 00:00:00   ;   219,7 ;     
25.01.2020 00:00:00   ;   219,6 ;     
26.01.2020 00:00:00   ;   219,2 ;     
27.01.2020 00:00:00   ;   218,7 ;     
28.01.2020 00:00:00   ;   218,6 ;     
29.01.2020 00:00:00   ;   218,5 ;     
30.01.2020 00:00:00   ;   218,5 ;     
31.01.2020 00:00:00   ;   218,7 ;     
01.02.2020 00:00:00   ;   219,2 ;     
02.02.2020 00:00:00   ;   218,7 ;     
03.02.2020 00:00:00   ;   219,0 ;     
04.02.2020 00:00:00   ;   218,5 ;     
05.02.2020 00:00:00   ;   218,3 ;     
06.02.2020 00:00:00   ;   218,2 ;     
07.02.2020 00:00:00   ;   217,8 ;     
08.02.2020 00:00:00   ;   218,7 ;     
09.02.2020 00:00:00   ;   218,3 ;     
10.02.2020 00:00:00   ;   218,4 ;     
11.02.2020 00:00:00   ;   218,8 ;     
12.02.2020 00:00:00   ;   217,5 ;     
13.02.2020 00:00:00   ;   218,6 ;     
14.02.2020 00:00:00   ;   218,0 ;     
15.02.2020 00:00:00   ;   218,0 ;     
16.02.2020 00:00:00   ;   218,5 ;     
17.02.2020 00:00:00   ;   217,9 ;     
18.02.2020 00:00:00   ;   217,1 ;     
19.02.2020 00:00:00   ;   217,0 ;     
20.02.2020 00:00:00   ;   217,0 ;     
21.02.2020 00:00:00   ;   217,0 ;     
22.02.2020 00:00:00   ;   217,0 ;     
23.02.2020 00:00:00   ;   217,4 ;     
24.02.2020 00:00:00   ;   217,4 ;     
25.02.2020 00:00:00   ;   217,7 ;     
26.02.2020 00:00:00   ;   216,7 ;     
27.02.2020 00:00:00   ;   216,3 ;     
28.02.2020 00:00:00   ;   216,5 ;     
29.02.2020 00:00:00   ;   217,0 ;     
01.03.2020 00:00:00   ;   217,0 ;     
02.03.2020 00:00:00   ;   217,0 ;     
03.03.2020 00:00:00   ;   217,0 ;     
04.03.2020 00:00:00   ;   217,0 ;     
05.03.2020 00:00:00   ;   217,0 ;     
06.03.2020 00:00:00   ;   216,9 ;     
07.03.2020 00:00:00   ;   216,8 ;     
08.03.2020 00:00:00   ;   217,0 ;     
09.03.2020 00:00:00   ;   217,0 ;     
10.03.2020 00:00:00   ;   217,0 ;     
11.03.2020 00:00:00   ;   217,2 ;     
12.03.2020 00:00:00   ;   217,7 ;     
13.03.2020 00:00:00   ;   217,2 ;     
14.03.2020 00:00:00   ;   217,0 ;     
15.03.2020 00:00:00   ;   217,0 ;     
16.03.2020 00:00:00   ;   217,5 ;     
17.03.2020 00:00:00   ;   218,0 ;     
18.03.2020 00:00:00   ;   218,0 ;     
19.03.2020 00:00:00   ;   218,4 ;     
20.03.2020 00:00:00   ;   219,0 ;     
21.03.2020 00:00:00   ;   219,0 ;     
22.03.2020 00:00:00   ;   219,0 ;     
23.03.2020 00:00:00   ;   219,3 ;     
24.03.2020 00:00:00   ;   220,3 ;     
25.03.2020 00:00:00   ;   221,3 ;     
26.03.2020 00:00:00   ;   221,9 ;     
27.03.2020 00:00:00   ;   222,1 ;     
28.03.2020 00:00:00   ;   222,4 ;     
29.03.2020 00:00:00   ;   223,0 ;     
30.03.2020 00:00:00   ;   223,0 ;     
31.03.2020 00:00:00   ;   223,2 ;     
01.04.2020 00:00:00   ;   223,9 ;     
02.04.2020 00:00:00   ;   224,3 ;     
03.04.2020 00:00:00   ;   224,6 ;     
04.04.2020 00:00:00   ;   224,6 ;     
05.04.2020 00:00:00   ;   224,7 ;     
06.04.2020 00:00:00   ;   225,0 ;     
07.04.2020 00:00:00   ;   225,3 ;     
08.04.2020 00:00:00   ;   226,3 ;     
09.04.2020 00:00:00   ;   227,8 ;     
10.04.2020 00:00:00   ;   229,7 ;     
11.04.2020 00:00:00   ;   231,5 ;     
12.04.2020 00:00:00   ;   233,1 ;     
13.04.2020 00:00:00   ;   234,0 ;     
14.04.2020 00:00:00   ;   234,0 ;     
15.04.2020 00:00:00   ;   234,4 ;     
16.04.2020 00:00:00   ;   235,0 ;     
17.04.2020 00:00:00   ;   235,0 ;     
18.04.2020 00:00:00   ;   235,0 ;     
19.04.2020 00:00:00   ;   235,0 ;     
20.04.2020 00:00:00   ;   235,5 ;     
21.04.2020 00:00:00   ;   236,0 ;     
22.04.2020 00:00:00   ;   236,3 ;     
23.04.2020 00:00:00   ;   237,0 ;     
24.04.2020 00:00:00   ;   237,1 ;     
25.04.2020 00:00:00   ;   237,7 ;     
26.04.2020 00:00:00   ;   238,0 ;     
27.04.2020 00:00:00   ;   238,0 ;     
28.04.2020 00:00:00   ;   238,2 ;     
29.04.2020 00:00:00   ;   238,1 ;     
30.04.2020 00:00:00   ;   238,5 ;     
01.05.2020 00:00:00   ;   239,0 ;     
02.05.2020 00:00:00   ;   239,1 ;     
03.05.2020 00:00:00   ;   239,5 ;     
04.05.2020 00:00:00   ;   240,0 ;     
05.05.2020 00:00:00   ;   240,0 ;     
06.05.2020 00:00:00   ;   240,0 ;     
07.05.2020 00:00:00   ;   240,0 ;     
08.05.2020 00:00:00   ;   240,0 ;     
09.05.2020 00:00:00   ;   240,0 ;     
10.05.2020 00:00:00   ;   239,9 ;     
11.05.2020 00:00:00   ;   239,6 ;     
12.05.2020 00:00:00   ;   238,4 ;     
13.05.2020 00:00:00   ;   238,3 ;     
14.05.2020 00:00:00   ;   237,6 ;     
15.05.2020 00:00:00   ;   237,0 ;     
16.05.2020 00:00:00   ;   236,4 ;     
17.05.2020 00:00:00   ;   236,3 ;     
18.05.2020 00:00:00   ;   236,8 ;     
19.05.2020 00:00:00   ;   236,9 ;     
20.05.2020 00:00:00   ;   237,0 ;     
21.05.2020 00:00:00   ;   237,1 ;     
22.05.2020 00:00:00   ;   237,4 ;     
23.05.2020 00:00:00   ;   237,7 ;     
24.05.2020 00:00:00   ;   237,0 ;     
25.05.2020 00:00:00   ;   237,3 ;     
26.05.2020 00:00:00   ;   237,1 ;     
27.05.2020 00:00:00   ;   237,0 ;     
28.05.2020 00:00:00   ;   237,0 ;     
29.05.2020 00:00:00   ;   236,1 ;     
30.05.2020 00:00:00   ;   236,7 ;     
31.05.2020 00:00:00   ;   235,9 ;     
01.06.2020 00:00:00   ;   235,1 ;     
02.06.2020 00:00:00   ;   235,0 ;     
03.06.2020 00:00:00   ;   234,0 ;     
04.06.2020 00:00:00   ;   233,2 ;     
05.06.2020 00:00:00   ;   232,1 ;     
06.06.2020 00:00:00   ;   232,0 ;     
07.06.2020 00:00:00   ;   230,9 ;     
08.06.2020 00:00:00   ;   229,5 ;     
09.06.2020 00:00:00   ;   229,0 ;     
10.06.2020 00:00:00   ;   228,5 ;     
11.06.2020 00:00:00   ;   228,7 ;     
12.06.2020 00:00:00   ;   229,1 ;     
13.06.2020 00:00:00   ;   228,9 ;     
14.06.2020 00:00:00   ;   228,3 ;     
15.06.2020 00:00:00   ;   227,4 ;     
16.06.2020 00:00:00   ;   227,0 ;     
17.06.2020 00:00:00   ;   226,5 ;     
18.06.2020 00:00:00   ;   226,1 ;     
19.06.2020 00:00:00   ;   226,0 ;     
20.06.2020 00:00:00   ;   226,2 ;     
21.06.2020 00:00:00   ;   226,2 ;     
22.06.2020 00:00:00   ;   226,1 ;     
23.06.2020 00:00:00   ;   226,5 ;     
24.06.2020 00:00:00   ;   226,4 ;     
25.06.2020 00:00:00   ;   226,0 ;     
26.06.2020 00:00:00   ;   226,0 ;     
27.06.2020 00:00:00   ;   225,6 ;     
28.06.2020 00:00:00   ;   225,6 ;     
29.06.2020 00:00:00   ;   225,7 ;     
30.06.2020 00:00:00   ;   225,2 ;     
01.07.2020 00:00:00   ;   225,8 ;     
02.07.2020 00:00:00   ;   225,7 ;     
03.07.2020 00:00:00   ;   225,4 ;     
04.07.2020 00:00:00   ;   225,7 ;     
05.07.2020 00:00:00   ;   225,8 ;     
06.07.2020 00:00:00   ;   225,8 ;     
07.07.2020 00:00:00   ;   225,5 ;     
08.07.2020 00:00:00   ;   225,4 ;     
09.07.2020 00:00:00   ;   225,6 ;     
10.07.2020 00:00:00   ;   225,7 ;     
11.07.2020 00:00:00   ;   225,3 ;     
12.07.2020 00:00:00   ;   224,8 ;     
13.07.2020 00:00:00   ;   224,7 ;     
14.07.2020 00:00:00   ;   224,8 ;     
15.07.2020 00:00:00   ;   224,4 ;     
16.07.2020 00:00:00   ;   224,1 ;     
17.07.2020 00:00:00   ;   224,1 ;     
18.07.2020 00:00:00   ;   223,9 ;     
19.07.2020 00:00:00   ;   223,9 ;     
20.07.2020 00:00:00   ;   224,5 ;     
21.07.2020 00:00:00   ;   225,0 ;     
22.07.2020 00:00:00   ;   225,0 ;     
23.07.2020 00:00:00   ;   224,7 ;     
24.07.2020 00:00:00   ;   224,5 ;     
25.07.2020 00:00:00   ;   224,3 ;     
26.07.2020 00:00:00   ;   224,9 ;     
27.07.2020 00:00:00   ;   225,0 ;     
28.07.2020 00:00:00   ;   225,9 ;     
29.07.2020 00:00:00   ;   225,8 ;     
30.07.2020 00:00:00   ;   226,0 ;     
31.07.2020 00:00:00   ;   226,3 ;     
01.08.2020 00:00:00   ;   226,2 ;     
02.08.2020 00:00:00   ;   226,0 ;     
03.08.2020 00:00:00   ;   225,2 ;     
04.08.2020 00:00:00   ;   226,5 ;     
05.08.2020 00:00:00   ;   226,8 ;     
06.08.2020 00:00:00   ;   228,0 ;     
07.08.2020 00:00:00   ;   229,0 ;     
08.08.2020 00:00:00   ;   229,1 ;     
09.08.2020 00:00:00   ;   229,1 ;     
10.08.2020 00:00:00   ;   228,9 ;     
11.08.2020 00:00:00   ;   229,0 ;     
12.08.2020 00:00:00   ;   229,0 ;     
13.08.2020 00:00:00   ;   229,0 ;     
14.08.2020 00:00:00   ;   228,7 ;     
15.08.2020 00:00:00   ;   229,3 ;     
16.08.2020 00:00:00   ;   229,8 ;     
17.08.2020 00:00:00   ;   230,4 ;     
18.08.2020 00:00:00   ;   230,8 ;     
19.08.2020 00:00:00   ;   230,5 ;     
20.08.2020 00:00:00   ;   231,0 ;     
21.08.2020 00:00:00   ;   231,6 ;     
22.08.2020 00:00:00   ;   231,8 ;     
23.08.2020 00:00:00   ;   230,8 ;     
24.08.2020 00:00:00   ;   230,1 ;     
25.08.2020 00:00:00   ;   229,7 ;     
26.08.2020 00:00:00   ;   230,4 ;     
27.08.2020 00:00:00   ;   230,0 ;     
28.08.2020 00:00:00   ;   230,5 ;     
29.08.2020 00:00:00   ;   230,6 ;     
30.08.2020 00:00:00   ;   234,2 ;     
31.08.2020 00:00:00   ;   237,0 ;     
01.09.2020 00:00:00   ;   238,0 ;     
02.09.2020 00:00:00   ;   238,0 ;     
03.09.2020 00:00:00   ;   237,1 ;     
04.09.2020 00:00:00   ;   237,0 ;     
05.09.2020 00:00:00   ;   237,4 ;     
06.09.2020 00:00:00   ;   237,1 ;     
07.09.2020 00:00:00   ;   237,2 ;     
08.09.2020 00:00:00   ;   238,2 ;     
09.09.2020 00:00:00   ;   239,3 ;     
10.09.2020 00:00:00   ;   240,3 ;     
11.09.2020 00:00:00   ;   241,0 ;     
12.09.2020 00:00:00   ;   241,3 ;     
13.09.2020 00:00:00   ;   241,6 ;     
14.09.2020 00:00:00   ;   241,6 ;     
15.09.2020 00:00:00   ;   241,1 ;     
16.09.2020 00:00:00   ;   240,9 ;     
17.09.2020 00:00:00   ;   239,7 ;     
18.09.2020 00:00:00   ;   238,7 ;     
19.09.2020 00:00:00   ;   238,0 ;     
20.09.2020 00:00:00   ;   237,0 ;     
21.09.2020 00:00:00   ;   235,7 ;     
22.09.2020 00:00:00   ;   235,1 ;     
23.09.2020 00:00:00   ;   233,9 ;     
24.09.2020 00:00:00   ;   233,2 ;     
25.09.2020 00:00:00   ;   231,7 ;     
26.09.2020 00:00:00   ;   230,0 ;     
27.09.2020 00:00:00   ;   230,0 ;     
28.09.2020 00:00:00   ;   230,0 ;     
29.09.2020 00:00:00   ;   229,7 ;     
30.09.2020 00:00:00   ;   229,9 ;     
01.10.2020 00:00:00   ;   229,8 ;     
02.10.2020 00:00:00   ;   229,9 ;     
03.10.2020 00:00:00   ;   229,5 ;     
04.10.2020 00:00:00   ;   230,7 ;     
05.10.2020 00:00:00   ;   231,8 ;     
06.10.2020 00:00:00   ;   233,6 ;     
07.10.2020 00:00:00   ;   234,9 ;     
08.10.2020 00:00:00   ;   233,9 ;     
09.10.2020 00:00:00   ;   234,0 ;     
10.10.2020 00:00:00   ;   233,9 ;     
11.10.2020 00:00:00   ;   233,1 ;     
12.10.2020 00:00:00   ;   232,2 ;     
13.10.2020 00:00:00   ;   232,0 ;     
14.10.2020 00:00:00   ;   231,3 ;     
15.10.2020 00:00:00   ;   230,8 ;     
16.10.2020 00:00:00   ;   230,0 ;     
17.10.2020 00:00:00   ;   230,0 ;     
18.10.2020 00:00:00   ;   229,9 ;     
19.10.2020 00:00:00   ;   229,0 ;     
20.10.2020 00:00:00   ;   229,0 ;     
21.10.2020 00:00:00   ;   228,2 ;     
22.10.2020 00:00:00   ;   228,0 ;     
23.10.2020 00:00:00   ;   228,3 ;     
24.10.2020 00:00:00   ;   227,4 ;     
25.10.2020 00:00:00   ;   226,6 ;     
26.10.2020 00:00:00   ;   225,3 ;     
27.10.2020 00:00:00   ;   224,7 ;     
28.10.2020 00:00:00   ;   224,0 ;     
29.10.2020 00:00:00   ;   224,0 ;     
30.10.2020 00:00:00   ;   224,1 ;     
31.10.2020 00:00:00   ;   225,2 ;     
01.11.2020 00:00:00   ;   226,5 ;     
02.11.2020 00:00:00   ;   227,4 ;     
03.11.2020 00:00:00   ;   227,4 ;     
04.11.2020 00:00:00   ;   225,7 ;     
05.11.2020 00:00:00   ;   225,0 ;     
06.11.2020 00:00:00   ;   224,7 ;     
07.11.2020 00:00:00   ;   225,0 ;     
08.11.2020 00:00:00   ;   225,0 ;     
09.11.2020 00:00:00   ;   225,0 ;     
10.11.2020 00:00:00   ;   224,3 ;     
11.11.2020 00:00:00   ;   224,0 ;     
12.11.2020 00:00:00   ;   223,8 ;     
13.11.2020 00:00:00   ;   223,0 ;     
14.11.2020 00:00:00   ;   223,1 ;     
15.11.2020 00:00:00   ;   223,1 ;     
16.11.2020 00:00:00   ;   222,8 ;     
17.11.2020 00:00:00   ;   222,0 ;     
18.11.2020 00:00:00   ;   222,4 ;     
19.11.2020 00:00:00   ;   223,2 ;     
20.11.2020 00:00:00   ;   222,3 ;     
21.11.2020 00:00:00   ;   220,2 ;     
22.11.2020 00:00:00   ;   220,4 ;     
23.11.2020 00:00:00   ;   220,5 ;     
24.11.2020 00:00:00   ;   220,0 ;     
25.11.2020 00:00:00   ;   220,2 ;     
26.11.2020 00:00:00   ;   220,3 ;     
27.11.2020 00:00:00   ;   220,0 ;     
28.11.2020 00:00:00   ;   219,4 ;     
29.11.2020 00:00:00   ;   218,9 ;     
30.11.2020 00:00:00   ;   218,0 ;     
01.12.2020 00:00:00   ;   217,9 ;     
02.12.2020 00:00:00   ;   217,5 ;     
03.12.2020 00:00:00   ;   217,0 ;     
04.12.2020 00:00:00   ;   217,0 ;     
05.12.2020 00:00:00   ;   217,0 ;     
06.12.2020 00:00:00   ;   217,0 ;     
07.12.2020 00:00:00   ;   217,0 ;     
08.12.2020 00:00:00   ;   217,0 ;     
09.12.2020 00:00:00   ;   217,0 ;     
10.12.2020 00:00:00   ;   217,0 ;     
11.12.2020 00:00:00   ;   217,0 ;     
12.12.2020 00:00:00   ;   217,0 ;     
13.12.2020 00:00:00   ;   217,0 ;     
14.12.2020 00:00:00   ;   217,4 ;     
15.12.2020 00:00:00   ;   217,9 ;     
16.12.2020 00:00:00   ;   217,3 ;     
17.12.2020 00:00:00   ;   217,1 ;     
18.12.2020 00:00:00   ;   217,0 ;     
19.12.2020 00:00:00   ;   217,0 ;     
20.12.2020 00:00:00   ;   217,0 ;     
21.12.2020 00:00:00   ;   217,0 ;     
22.12.2020 00:00:00   ;   217,0 ;     
23.12.2020 00:00:00   ;   217,0 ;     
24.12.2020 00:00:00   ;   216,3 ;     
25.12.2020 00:00:00   ;   216,0 ;     
26.12.2020 00:00:00   ;   215,4 ;     
27.12.2020 00:00:00   ;   215,2 ;     
28.12.2020 00:00:00   ;   215,2 ;     
29.12.2020 00:00:00   ;   215,0 ;     
30.12.2020 00:00:00   ;   215,0 ;     
31.12.2020 00:00:00   ;   215,0 ;     
01.01.2021 00:00:00   ;Lücke        ; 
